2017-06-06 22:37:47,Merck's Cancer Drug Keytruda Positive in Clinical Studies https://t.co/c0a3ePEknH $MRK $AMGN $PFE $JNJ
2017-06-06 21:28:48,RT @MarketChmln: Today's top performing $NOBL #DividendAristocrats ETF holdings $XOM $CVX $HRL $ABBV $JNJ $FRT $DOV $ADP https://t.co/z5kXs��
2017-06-06 21:26:52,Today's top performing $NOBL #DividendAristocrats ETF holdings $XOM $CVX $HRL $ABBV $JNJ $FRT $DOV $ADP https://t.co/z5kXsomOnR
2017-06-06 21:15:38,RT @androsForm: New All Time Highs on Volume - 06.06.2017 - $NVDA $SQ $TSLA $V $JNJ $FDC $NFLX $CRM $LITE $CTRM $PM $UNH $RAI
2017-06-06 21:14:55,RT @androsForm: New All Time Highs on Volume - 06.06.2017 - $NVDA $SQ $TSLA $V $JNJ $FDC $NFLX $CRM $LITE $CTRM $PM $UNH $RAI
2017-06-06 21:14:55,RT @androsForm: New All Time Highs on Volume - 06.06.2017 - $NVDA $SQ $TSLA $V $JNJ $FDC $NFLX $CRM $LITE $CTRM $PM $UNH $RAI
2017-06-06 21:14:54,RT @androsForm: New All Time Highs on Volume - 06.06.2017 - $NVDA $SQ $TSLA $V $JNJ $FDC $NFLX $CRM $LITE $CTRM $PM $UNH $RAI
2017-06-06 21:14:54,RT @androsForm: New All Time Highs on Volume - 06.06.2017 - $NVDA $SQ $TSLA $V $JNJ $FDC $NFLX $CRM $LITE $CTRM $PM $UNH $RAI
2017-06-06 21:14:51,RT @androsForm: New All Time Highs on Volume - 06.06.2017 - $NVDA $SQ $TSLA $V $JNJ $FDC $NFLX $CRM $LITE $CTRM $PM $UNH $RAI
2017-06-06 21:14:48,RT @androsForm: New All Time Highs on Volume - 06.06.2017 - $NVDA $SQ $TSLA $V $JNJ $FDC $NFLX $CRM $LITE $CTRM $PM $UNH $RAI
2017-06-06 21:14:47,RT @androsForm: New All Time Highs on Volume - 06.06.2017 - $NVDA $SQ $TSLA $V $JNJ $FDC $NFLX $CRM $LITE $CTRM $PM $UNH $RAI
2017-06-06 21:14:46,RT @androsForm: New All Time Highs on Volume - 06.06.2017 - $NVDA $SQ $TSLA $V $JNJ $FDC $NFLX $CRM $LITE $CTRM $PM $UNH $RAI
2017-06-06 21:14:45,RT @androsForm: New All Time Highs on Volume - 06.06.2017 - $NVDA $SQ $TSLA $V $JNJ $FDC $NFLX $CRM $LITE $CTRM $PM $UNH $RAI
2017-06-06 21:14:45,RT @androsForm: New All Time Highs on Volume - 06.06.2017 - $NVDA $SQ $TSLA $V $JNJ $FDC $NFLX $CRM $LITE $CTRM $PM $UNH $RAI
2017-06-06 21:14:43,RT @androsForm: New All Time Highs on Volume - 06.06.2017 - $NVDA $SQ $TSLA $V $JNJ $FDC $NFLX $CRM $LITE $CTRM $PM $UNH $RAI
2017-06-06 21:14:42,RT @androsForm: New All Time Highs on Volume - 06.06.2017 - $NVDA $SQ $TSLA $V $JNJ $FDC $NFLX $CRM $LITE $CTRM $PM $UNH $RAI
2017-06-06 21:14:41,RT @androsForm: New All Time Highs on Volume - 06.06.2017 - $NVDA $SQ $TSLA $V $JNJ $FDC $NFLX $CRM $LITE $CTRM $PM $UNH $RAI
2017-06-06 21:14:41,RT @androsForm: New All Time Highs on Volume - 06.06.2017 - $NVDA $SQ $TSLA $V $JNJ $FDC $NFLX $CRM $LITE $CTRM $PM $UNH $RAI
2017-06-06 21:14:31,RT @androsForm: New All Time Highs on Volume - 06.06.2017 - $NVDA $SQ $TSLA $V $JNJ $FDC $NFLX $CRM $LITE $CTRM $PM $UNH $RAI
2017-06-06 21:14:31,RT @androsForm: New All Time Highs on Volume - 06.06.2017 - $NVDA $SQ $TSLA $V $JNJ $FDC $NFLX $CRM $LITE $CTRM $PM $UNH $RAI
2017-06-06 21:14:28,RT @androsForm: New All Time Highs on Volume - 06.06.2017 - $NVDA $SQ $TSLA $V $JNJ $FDC $NFLX $CRM $LITE $CTRM $PM $UNH $RAI
2017-06-06 21:14:25,RT @androsForm: New All Time Highs on Volume - 06.06.2017 - $NVDA $SQ $TSLA $V $JNJ $FDC $NFLX $CRM $LITE $CTRM $PM $UNH $RAI
2017-06-06 21:14:23,RT @androsForm: New All Time Highs on Volume - 06.06.2017 - $NVDA $SQ $TSLA $V $JNJ $FDC $NFLX $CRM $LITE $CTRM $PM $UNH $RAI
2017-06-06 21:14:23,RT @androsForm: New All Time Highs on Volume - 06.06.2017 - $NVDA $SQ $TSLA $V $JNJ $FDC $NFLX $CRM $LITE $CTRM $PM $UNH $RAI
2017-06-06 21:14:20,RT @androsForm: New All Time Highs on Volume - 06.06.2017 - $NVDA $SQ $TSLA $V $JNJ $FDC $NFLX $CRM $LITE $CTRM $PM $UNH $RAI
2017-06-06 21:14:19,RT @androsForm: New All Time Highs on Volume - 06.06.2017 - $NVDA $SQ $TSLA $V $JNJ $FDC $NFLX $CRM $LITE $CTRM $PM $UNH $RAI
2017-06-06 21:14:19,RT @androsForm: New All Time Highs on Volume - 06.06.2017 - $NVDA $SQ $TSLA $V $JNJ $FDC $NFLX $CRM $LITE $CTRM $PM $UNH $RAI
2017-06-06 21:14:16,RT @androsForm: New All Time Highs on Volume - 06.06.2017 - $NVDA $SQ $TSLA $V $JNJ $FDC $NFLX $CRM $LITE $CTRM $PM $UNH $RAI
2017-06-06 21:14:15,RT @androsForm: New All Time Highs on Volume - 06.06.2017 - $NVDA $SQ $TSLA $V $JNJ $FDC $NFLX $CRM $LITE $CTRM $PM $UNH $RAI
2017-06-06 21:14:14,RT @androsForm: New All Time Highs on Volume - 06.06.2017 - $NVDA $SQ $TSLA $V $JNJ $FDC $NFLX $CRM $LITE $CTRM $PM $UNH $RAI
2017-06-06 21:14:14,RT @androsForm: New All Time Highs on Volume - 06.06.2017 - $NVDA $SQ $TSLA $V $JNJ $FDC $NFLX $CRM $LITE $CTRM $PM $UNH $RAI
2017-06-06 21:14:12,RT @androsForm: New All Time Highs on Volume - 06.06.2017 - $NVDA $SQ $TSLA $V $JNJ $FDC $NFLX $CRM $LITE $CTRM $PM $UNH $RAI
2017-06-06 21:14:12,RT @androsForm: New All Time Highs on Volume - 06.06.2017 - $NVDA $SQ $TSLA $V $JNJ $FDC $NFLX $CRM $LITE $CTRM $PM $UNH $RAI
2017-06-06 21:14:11,RT @androsForm: New All Time Highs on Volume - 06.06.2017 - $NVDA $SQ $TSLA $V $JNJ $FDC $NFLX $CRM $LITE $CTRM $PM $UNH $RAI
2017-06-06 21:14:11,RT @androsForm: New All Time Highs on Volume - 06.06.2017 - $NVDA $SQ $TSLA $V $JNJ $FDC $NFLX $CRM $LITE $CTRM $PM $UNH $RAI
2017-06-06 21:14:10,RT @androsForm: New All Time Highs on Volume - 06.06.2017 - $NVDA $SQ $TSLA $V $JNJ $FDC $NFLX $CRM $LITE $CTRM $PM $UNH $RAI
2017-06-06 21:14:10,RT @androsForm: New All Time Highs on Volume - 06.06.2017 - $NVDA $SQ $TSLA $V $JNJ $FDC $NFLX $CRM $LITE $CTRM $PM $UNH $RAI
2017-06-06 21:14:10,RT @androsForm: New All Time Highs on Volume - 06.06.2017 - $NVDA $SQ $TSLA $V $JNJ $FDC $NFLX $CRM $LITE $CTRM $PM $UNH $RAI
2017-06-06 21:14:07,RT @androsForm: New All Time Highs on Volume - 06.06.2017 - $NVDA $SQ $TSLA $V $JNJ $FDC $NFLX $CRM $LITE $CTRM $PM $UNH $RAI
2017-06-06 21:14:07,RT @androsForm: New All Time Highs on Volume - 06.06.2017 - $NVDA $SQ $TSLA $V $JNJ $FDC $NFLX $CRM $LITE $CTRM $PM $UNH $RAI
2017-06-06 21:14:06,RT @androsForm: New All Time Highs on Volume - 06.06.2017 - $NVDA $SQ $TSLA $V $JNJ $FDC $NFLX $CRM $LITE $CTRM $PM $UNH $RAI
2017-06-06 21:14:06,RT @androsForm: New All Time Highs on Volume - 06.06.2017 - $NVDA $SQ $TSLA $V $JNJ $FDC $NFLX $CRM $LITE $CTRM $PM $UNH $RAI
2017-06-06 21:14:04,RT @androsForm: New All Time Highs on Volume - 06.06.2017 - $NVDA $SQ $TSLA $V $JNJ $FDC $NFLX $CRM $LITE $CTRM $PM $UNH $RAI
2017-06-06 21:14:04,RT @androsForm: New All Time Highs on Volume - 06.06.2017 - $NVDA $SQ $TSLA $V $JNJ $FDC $NFLX $CRM $LITE $CTRM $PM $UNH $RAI
2017-06-06 21:14:03,RT @androsForm: New All Time Highs on Volume - 06.06.2017 - $NVDA $SQ $TSLA $V $JNJ $FDC $NFLX $CRM $LITE $CTRM $PM $UNH $RAI
2017-06-06 21:14:03,RT @androsForm: New All Time Highs on Volume - 06.06.2017 - $NVDA $SQ $TSLA $V $JNJ $FDC $NFLX $CRM $LITE $CTRM $PM $UNH $RAI
2017-06-06 21:14:03,RT @androsForm: New All Time Highs on Volume - 06.06.2017 - $NVDA $SQ $TSLA $V $JNJ $FDC $NFLX $CRM $LITE $CTRM $PM $UNH $RAI
2017-06-06 21:14:03,RT @androsForm: New All Time Highs on Volume - 06.06.2017 - $NVDA $SQ $TSLA $V $JNJ $FDC $NFLX $CRM $LITE $CTRM $PM $UNH $RAI
2017-06-06 21:14:01,RT @androsForm: New All Time Highs on Volume - 06.06.2017 - $NVDA $SQ $TSLA $V $JNJ $FDC $NFLX $CRM $LITE $CTRM $PM $UNH $RAI
2017-06-06 21:14:00,RT @androsForm: New All Time Highs on Volume - 06.06.2017 - $NVDA $SQ $TSLA $V $JNJ $FDC $NFLX $CRM $LITE $CTRM $PM $UNH $RAI
2017-06-06 21:14:00,RT @androsForm: New All Time Highs on Volume - 06.06.2017 - $NVDA $SQ $TSLA $V $JNJ $FDC $NFLX $CRM $LITE $CTRM $PM $UNH $RAI
2017-06-06 21:13:59,RT @androsForm: New All Time Highs on Volume - 06.06.2017 - $NVDA $SQ $TSLA $V $JNJ $FDC $NFLX $CRM $LITE $CTRM $PM $UNH $RAI
2017-06-06 21:13:58,RT @androsForm: New All Time Highs on Volume - 06.06.2017 - $NVDA $SQ $TSLA $V $JNJ $FDC $NFLX $CRM $LITE $CTRM $PM $UNH $RAI
2017-06-06 21:12:21,RT @androsForm: New All Time Highs on Volume - 06.06.2017 - $NVDA $SQ $TSLA $V $JNJ $FDC $NFLX $CRM $LITE $CTRM $PM $UNH $RAI
2017-06-06 21:12:21,RT @androsForm: New All Time Highs on Volume - 06.06.2017 - $NVDA $SQ $TSLA $V $JNJ $FDC $NFLX $CRM $LITE $CTRM $PM $UNH $RAI
2017-06-06 21:12:21,RT @androsForm: New All Time Highs on Volume - 06.06.2017 - $NVDA $SQ $TSLA $V $JNJ $FDC $NFLX $CRM $LITE $CTRM $PM $UNH $RAI
2017-06-06 21:12:21,RT @androsForm: New All Time Highs on Volume - 06.06.2017 - $NVDA $SQ $TSLA $V $JNJ $FDC $NFLX $CRM $LITE $CTRM $PM $UNH $RAI
2017-06-06 21:12:21,RT @androsForm: New All Time Highs on Volume - 06.06.2017 - $NVDA $SQ $TSLA $V $JNJ $FDC $NFLX $CRM $LITE $CTRM $PM $UNH $RAI
2017-06-06 21:12:21,RT @androsForm: New All Time Highs on Volume - 06.06.2017 - $NVDA $SQ $TSLA $V $JNJ $FDC $NFLX $CRM $LITE $CTRM $PM $UNH $RAI
2017-06-06 21:12:20,RT @androsForm: New All Time Highs on Volume - 06.06.2017 - $NVDA $SQ $TSLA $V $JNJ $FDC $NFLX $CRM $LITE $CTRM $PM $UNH $RAI
2017-06-06 21:12:20,RT @androsForm: New All Time Highs on Volume - 06.06.2017 - $NVDA $SQ $TSLA $V $JNJ $FDC $NFLX $CRM $LITE $CTRM $PM $UNH $RAI
2017-06-06 21:12:20,RT @androsForm: New All Time Highs on Volume - 06.06.2017 - $NVDA $SQ $TSLA $V $JNJ $FDC $NFLX $CRM $LITE $CTRM $PM $UNH $RAI
2017-06-06 21:12:20,RT @androsForm: New All Time Highs on Volume - 06.06.2017 - $NVDA $SQ $TSLA $V $JNJ $FDC $NFLX $CRM $LITE $CTRM $PM $UNH $RAI
2017-06-06 21:12:20,RT @androsForm: New All Time Highs on Volume - 06.06.2017 - $NVDA $SQ $TSLA $V $JNJ $FDC $NFLX $CRM $LITE $CTRM $PM $UNH $RAI
2017-06-06 21:12:20,RT @androsForm: New All Time Highs on Volume - 06.06.2017 - $NVDA $SQ $TSLA $V $JNJ $FDC $NFLX $CRM $LITE $CTRM $PM $UNH $RAI
2017-06-06 21:12:19,RT @androsForm: New All Time Highs on Volume - 06.06.2017 - $NVDA $SQ $TSLA $V $JNJ $FDC $NFLX $CRM $LITE $CTRM $PM $UNH $RAI
2017-06-06 21:12:19,RT @androsForm: New All Time Highs on Volume - 06.06.2017 - $NVDA $SQ $TSLA $V $JNJ $FDC $NFLX $CRM $LITE $CTRM $PM $UNH $RAI
2017-06-06 21:12:19,RT @androsForm: New All Time Highs on Volume - 06.06.2017 - $NVDA $SQ $TSLA $V $JNJ $FDC $NFLX $CRM $LITE $CTRM $PM $UNH $RAI
2017-06-06 21:12:19,RT @androsForm: New All Time Highs on Volume - 06.06.2017 - $NVDA $SQ $TSLA $V $JNJ $FDC $NFLX $CRM $LITE $CTRM $PM $UNH $RAI
2017-06-06 21:12:19,RT @androsForm: New All Time Highs on Volume - 06.06.2017 - $NVDA $SQ $TSLA $V $JNJ $FDC $NFLX $CRM $LITE $CTRM $PM $UNH $RAI
2017-06-06 21:12:19,RT @androsForm: New All Time Highs on Volume - 06.06.2017 - $NVDA $SQ $TSLA $V $JNJ $FDC $NFLX $CRM $LITE $CTRM $PM $UNH $RAI
2017-06-06 21:12:19,RT @androsForm: New All Time Highs on Volume - 06.06.2017 - $NVDA $SQ $TSLA $V $JNJ $FDC $NFLX $CRM $LITE $CTRM $PM $UNH $RAI
2017-06-06 21:12:19,RT @androsForm: New All Time Highs on Volume - 06.06.2017 - $NVDA $SQ $TSLA $V $JNJ $FDC $NFLX $CRM $LITE $CTRM $PM $UNH $RAI
2017-06-06 21:12:19,RT @androsForm: New All Time Highs on Volume - 06.06.2017 - $NVDA $SQ $TSLA $V $JNJ $FDC $NFLX $CRM $LITE $CTRM $PM $UNH $RAI
2017-06-06 21:12:19,RT @androsForm: New All Time Highs on Volume - 06.06.2017 - $NVDA $SQ $TSLA $V $JNJ $FDC $NFLX $CRM $LITE $CTRM $PM $UNH $RAI
2017-06-06 21:12:18,RT @androsForm: New All Time Highs on Volume - 06.06.2017 - $NVDA $SQ $TSLA $V $JNJ $FDC $NFLX $CRM $LITE $CTRM $PM $UNH $RAI
2017-06-06 21:12:18,RT @androsForm: New All Time Highs on Volume - 06.06.2017 - $NVDA $SQ $TSLA $V $JNJ $FDC $NFLX $CRM $LITE $CTRM $PM $UNH $RAI
2017-06-06 21:12:18,RT @androsForm: New All Time Highs on Volume - 06.06.2017 - $NVDA $SQ $TSLA $V $JNJ $FDC $NFLX $CRM $LITE $CTRM $PM $UNH $RAI
2017-06-06 21:12:18,RT @androsForm: New All Time Highs on Volume - 06.06.2017 - $NVDA $SQ $TSLA $V $JNJ $FDC $NFLX $CRM $LITE $CTRM $PM $UNH $RAI
2017-06-06 21:12:18,RT @androsForm: New All Time Highs on Volume - 06.06.2017 - $NVDA $SQ $TSLA $V $JNJ $FDC $NFLX $CRM $LITE $CTRM $PM $UNH $RAI
2017-06-06 21:12:17,RT @androsForm: New All Time Highs on Volume - 06.06.2017 - $NVDA $SQ $TSLA $V $JNJ $FDC $NFLX $CRM $LITE $CTRM $PM $UNH $RAI
2017-06-06 21:12:17,RT @androsForm: New All Time Highs on Volume - 06.06.2017 - $NVDA $SQ $TSLA $V $JNJ $FDC $NFLX $CRM $LITE $CTRM $PM $UNH $RAI
2017-06-06 21:12:17,RT @androsForm: New All Time Highs on Volume - 06.06.2017 - $NVDA $SQ $TSLA $V $JNJ $FDC $NFLX $CRM $LITE $CTRM $PM $UNH $RAI
2017-06-06 21:12:17,RT @androsForm: New All Time Highs on Volume - 06.06.2017 - $NVDA $SQ $TSLA $V $JNJ $FDC $NFLX $CRM $LITE $CTRM $PM $UNH $RAI
2017-06-06 21:12:17,RT @androsForm: New All Time Highs on Volume - 06.06.2017 - $NVDA $SQ $TSLA $V $JNJ $FDC $NFLX $CRM $LITE $CTRM $PM $UNH $RAI
2017-06-06 21:12:17,RT @androsForm: New All Time Highs on Volume - 06.06.2017 - $NVDA $SQ $TSLA $V $JNJ $FDC $NFLX $CRM $LITE $CTRM $PM $UNH $RAI
2017-06-06 21:12:17,RT @androsForm: New All Time Highs on Volume - 06.06.2017 - $NVDA $SQ $TSLA $V $JNJ $FDC $NFLX $CRM $LITE $CTRM $PM $UNH $RAI
2017-06-06 21:12:17,RT @androsForm: New All Time Highs on Volume - 06.06.2017 - $NVDA $SQ $TSLA $V $JNJ $FDC $NFLX $CRM $LITE $CTRM $PM $UNH $RAI
2017-06-06 21:12:17,RT @androsForm: New All Time Highs on Volume - 06.06.2017 - $NVDA $SQ $TSLA $V $JNJ $FDC $NFLX $CRM $LITE $CTRM $PM $UNH $RAI
2017-06-06 21:12:17,RT @androsForm: New All Time Highs on Volume - 06.06.2017 - $NVDA $SQ $TSLA $V $JNJ $FDC $NFLX $CRM $LITE $CTRM $PM $UNH $RAI
2017-06-06 21:12:17,RT @androsForm: New All Time Highs on Volume - 06.06.2017 - $NVDA $SQ $TSLA $V $JNJ $FDC $NFLX $CRM $LITE $CTRM $PM $UNH $RAI
2017-06-06 21:12:17,RT @androsForm: New All Time Highs on Volume - 06.06.2017 - $NVDA $SQ $TSLA $V $JNJ $FDC $NFLX $CRM $LITE $CTRM $PM $UNH $RAI
2017-06-06 21:12:16,RT @androsForm: New All Time Highs on Volume - 06.06.2017 - $NVDA $SQ $TSLA $V $JNJ $FDC $NFLX $CRM $LITE $CTRM $PM $UNH $RAI
2017-06-06 21:12:16,RT @androsForm: New All Time Highs on Volume - 06.06.2017 - $NVDA $SQ $TSLA $V $JNJ $FDC $NFLX $CRM $LITE $CTRM $PM $UNH $RAI
2017-06-06 21:12:16,RT @androsForm: New All Time Highs on Volume - 06.06.2017 - $NVDA $SQ $TSLA $V $JNJ $FDC $NFLX $CRM $LITE $CTRM $PM $UNH $RAI
2017-06-06 21:12:16,RT @androsForm: New All Time Highs on Volume - 06.06.2017 - $NVDA $SQ $TSLA $V $JNJ $FDC $NFLX $CRM $LITE $CTRM $PM $UNH $RAI
2017-06-06 21:12:16,RT @androsForm: New All Time Highs on Volume - 06.06.2017 - $NVDA $SQ $TSLA $V $JNJ $FDC $NFLX $CRM $LITE $CTRM $PM $UNH $RAI
2017-06-06 21:12:16,RT @androsForm: New All Time Highs on Volume - 06.06.2017 - $NVDA $SQ $TSLA $V $JNJ $FDC $NFLX $CRM $LITE $CTRM $PM $UNH $RAI
2017-06-06 21:12:16,RT @androsForm: New All Time Highs on Volume - 06.06.2017 - $NVDA $SQ $TSLA $V $JNJ $FDC $NFLX $CRM $LITE $CTRM $PM $UNH $RAI
2017-06-06 21:12:16,RT @androsForm: New All Time Highs on Volume - 06.06.2017 - $NVDA $SQ $TSLA $V $JNJ $FDC $NFLX $CRM $LITE $CTRM $PM $UNH $RAI
