2017-12-26 23:22:59,Big Call Buyers https://t.co/kAGdTA1IaP $BMY $OSTK $PBR $NXST $GILD $BYD $PG $LVS $MOMO $BP $WDC $GS $JNJ $JD $ETE $CHK $ADMP $EXPR
2017-12-26 22:40:49,Johnson &amp;amp; Johnson��s Medical Devices Now: A Key Update https://t.co/2o9sFXlxoz $JNJ $MDT $BAX $ZMH
2017-12-26 22:38:19,"Hey, do you know everything while trading #SP500? $GOOG $JNJ $GE https://t.co/Rwpf6Sogpu https://t.co/nMOpvdqSuQ"
2017-12-26 21:49:02,$JNJ  showing an excellent breakout setup pattern. Check https://t.co/M3ihiRILaB for a possible trade suggestion https://t.co/waM07Aq8I7
2017-12-26 21:16:02,Invesco LTD Has Cut Johnson &amp; Johnson $JNJ Stake https://t.co/jorqG0qK5I
2017-12-26 21:14:46,"Conning Increased Johnson &amp; Johnson $JNJ Stake by $941,850 as Stock Price Rose https://t.co/DVcJDtV1Kc"
2017-12-26 21:06:38,Johnson &amp; Johnson $JNJ Shareholder Independent Franchise Partners Llp Has Upped Its Stake ...
2017-12-26 20:30:52,How Is Johnson &amp;amp; Johnson Positioned after 3Q17? https://t.co/ygtNmbHWuN $JNJ $NVS $PFE $RHHBY
