2017-04-02 22:06:13,RT @AdvLithium: $AAL CEO discusses Acquisition of @OrocobreLimited #Lithium Properties and Plans to Drill at Cauchari https://t.co/0b6576FW��
2017-04-02 15:51:43,American Airlines Group Inc $AAL Upgraded at Sanford C. Bernstein https://t.co/tVX36vz7K1
2017-04-02 15:47:42,American Airlines Group Inc $AAL Upgraded at Sanford C. Bernstein https://t.co/q23xf4Aako
2017-04-02 15:46:25,American Airlines Group Inc $AAL Upgraded at Sanford C. Bernstein https://t.co/5qmRFZrDrd #acn
2017-04-02 13:34:07,"16,775 Shares in American Airlines Group Inc $AAL Acquired by Kentucky Retirement Systems Insurance Trust Fund https://t.co/2xdO4rrFLl"
2017-04-02 13:19:49,"Teachers Advisors LLC Has $81,435,000 Position in American Airlines Group Inc $AAL https://t.co/0UjpkOBHOw"
2017-04-02 09:27:02,Do you know that #WallStreet price for $AAL is $53.13 https://t.co/kIzhU8yMva
2017-04-02 09:13:02,Do you know that #Book Value for $AAL is $7.46 https://t.co/GJAWhI4khR
2017-04-02 05:40:41,"$AAL technical alerts: Lizard Bearish, Shooting Star Candlestick, and Volume Surge  https://t.co/tnl0VnAOi1"
2017-04-02 04:14:31,RT @DallasBizNews: American Airlines' $200M stake in China Southern dramatically expands destinations: https://t.co/AJ3y4J5p2E $AAL
2017-04-02 02:40:11,DallasBizNews: American Airlines' $200M stake in China Southern dramatically expands destinations: https://t.co/znjViQD7E1 $AAL
2017-04-02 02:27:00,American Airlines' $200M stake in China Southern dramatically expands destinations: https://t.co/AJ3y4J5p2E $AAL
