2017-10-12 23:01:01,$AAL has a great technical rating! Check out it's strong technical and fundamental points at https://t.co/49xLxzwIbR #Canada #Bitcoin
2017-10-12 20:16:31,"As American Airls Group $AAL Market Value Declined, Evanson Asset Management Has Decreased Its Stake ..."
2017-10-12 19:10:26,$AAL American Airlines Group Announces Webcast of Third Quarter Financial Results Nasdaq:AAL https://t.co/A9xOdMlbr7
2017-10-12 19:05:12,$AAL American Airlines Group Announces Webcast of Third Quarter Financial Results... - https://t.co/2OFbSRhiQZ
2017-10-12 19:04:02,$AAL - American Airlines Group Announces Webcast of Third Quarter Financial Results https://t.co/RAYwfNiqDi
2017-10-12 19:02:00,American Airlines Group Announces Webcast of Third Quarter Financial Results $AAL https://t.co/MKoZOpAMZZ
2017-10-12 18:24:22,"American Airlines Group, Inc. $AAL Shares Sold by Glendon Capital Management LP https://t.co/IRz5jWI0Ga"
2017-10-12 18:20:40,"American Airlines Group, Inc. $AAL Shares Sold by Glendon Capital Management LP https://t.co/QxrQfKIK6u"
2017-10-12 18:06:13,"Cyrus Capital Partners L.P. Purchases New Holdings in American Airlines Group, Inc. $AAL https://t.co/CkzfvXagfA"
2017-10-12 18:03:04,"Cyrus Capital Partners L.P. Purchases New Holdings in American Airlines Group, Inc. $AAL https://t.co/eNs7rlI2ek"
2017-10-12 16:11:03,"IHT Wealth Management LLC Boosts Position in American Airlines Group, Inc. $AAL https://t.co/I5EAGjEvwE"
2017-10-12 15:01:12,"As American Airls Group $Call $AAL Share Value Declined, Gendell Jeffrey L Cut Position ..."
2017-10-12 14:58:22,Great Ideas w/Option Trades Screener $HIMX $VXX $AAL $MU $IYR $T $BAC $FB $SMH $IYR $NFLX $VZ $IWM $MU $BAC $NFLX https://t.co/rZtRwlEFjy
2017-10-12 12:56:51,"AAL Top news - Oct 12th, 2017 $AAL http://https://t.co/jDrnpHJFJw"
2017-10-12 12:00:01,$AAL has a great technical rating! Check out it's strong technical and fundamental points at https://t.co/JhuR8DYK69 #steel #Javascript
2017-10-12 11:43:08,"#ChorusAviation: Monthly #Dividends Are Attractive, But Past Performance Is Worrisome $CHRRF Also $DAL $UAL $AAL https://t.co/eAt1nOB5Tt"
2017-10-12 11:42:57,"Chorus Aviation: Monthly Dividends Are Attractive, But Past Performance Is Worrisome $CHRRF Also $DAL $UAL $AAL https://t.co/oAD9qIcF1g"
2017-10-12 10:45:29,300% tariff on new Bombardier C Series jets. $BA $DAL $JBLU $LUV $AAL Airline stocks have hot!!! https://t.co/TNLoDvGmQ6
2017-10-12 10:12:30,American Airlines Group  $AAL Stock Price Declined While New England Research &amp; Management Decreased Position ...
2017-10-12 07:52:11,#Stock #AAL $AAL Anglo American Long positions above 1319.00 with targets at 1495.00 &amp; 1535.00 in extension. https://t.co/fD9IPSGTsY
2017-10-12 04:26:07,"https://t.co/GuLQB6Vm4B SuperAlerts Monthly changed my financial life for the better forever, check it out!! $V $P $AAL $SWKS $ITEK"
2017-10-12 03:43:26,"American Airlines Group, Inc. $AAL Receives $56.63 Average Target Price from Brokerages https://t.co/XIiDU5hbQv"
2017-10-12 01:21:55,$AAL 19-Jan-18 ATM Implied Vol Decreases -2.1% to 30.1. Straddle Implies a Move of ��12.4% https://t.co/KmTguOyFyy
