2017-06-10 22:01:02,$AAL - American Airlines Donates $1 Million to Stand Up to Cancer https://t.co/CCIazf6yRv
2017-06-10 22:00:35,$AAL American Airlines Donates $1 Million to Stand Up to Cancer... - https://t.co/c2btRdKoP3
2017-06-10 22:00:18,American Airlines Donates $1 Million to Stand Up to Cancer $AAL https://t.co/GsxcXMJ3cr
2017-06-10 16:43:07,"Wow, have you seen the technical rating of $AAL?? Daily analysis at ChartMill, take a peek! https://t.co/gmCjCcYYMp #happy #GrowthHacking"
2017-06-10 15:51:21,Asset Management One Co. Ltd. Has $11.29 Million Stake in American Airlines Group Inc $AAL https://t.co/PdAQbiPZKH
2017-06-10 15:48:12,Asset Management One Co. Ltd. Has $11.29 Million Stake in American Airlines Group Inc $AAL https://t.co/QLJGKdTBua
2017-06-10 14:55:07,Ready to invest? $AAL is definitely worth checking out today! https://t.co/JTJzBADzMd #Devil #Forex
2017-06-10 14:36:19,American Airlines opens new lounge at IAH. $AAL. Via @HOUBizjournal https://t.co/3nkAZS7HgM
2017-06-10 12:30:09,Allegiant Travel Company $ALGT vs. American Airlines Group $AAL Head-To-Head Survey https://t.co/W9Z6gdDXYB
2017-06-10 11:57:20,Allegiant Travel Company $ALGT vs. American Airlines Group $AAL Head-To-Head Survey https://t.co/9Tyy7FjnBn
2017-06-10 11:57:13,Allegiant Travel Company $ALGT vs. American Airlines Group $AAL Head-To-Head Survey https://t.co/ybIxIT20tR #acn
2017-06-10 11:56:19,Allegiant Travel Company $ALGT vs. American Airlines Group $AAL Head-To-Head Survey https://t.co/cLBrhdL4EN
2017-06-10 11:41:30,Allegiant Travel Company $ALGT vs. American Airlines Group $AAL Head-To-Head Survey https://t.co/7OeHz4F7eI
