2017-01-03 23:23:20,"Hunter Keay made positive comments on Airlines on CNBC, &amp; made a point that DELTA @9p/e $DAL trades @ a steep disco�� https://t.co/OShcCdEy85"
2017-01-03 21:46:10,7 #AmericanAirlines flight attendants treated in Florida. Read more: https://t.co/2NULiAixY0 $AAL
2017-01-03 21:36:12,"American Airlines Group, Inc. $AAL Shares Sold by American International Group Inc. https://t.co/RU6mfan1tn"
2017-01-03 21:32:07,"American Airlines Group, Inc. $AAL Shares Sold by American International Group Inc. https://t.co/OtjqCiX2m6"
2017-01-03 20:42:35,#AngloAmerican Kumba Iron Ore : director steps down . Read more: https://t.co/D0QtDUlGCx $AAL
2017-01-03 20:38:49,https://t.co/G9pMgSr1JY &lt; Review of this fantastic traders teaching service. Try it 4 FREE while you try it out $UGAZ SNY $UVXY $AAL
2017-01-03 20:26:44,I like $AAL here.  Too low.  Good entry point. Will be back to 50+ soon.
2017-01-03 20:04:19,#AmericanAirlines Flight attendants taken to hospital after American flight. Read more: https://t.co/8ZWxcsvzrR $AAL
2017-01-03 18:49:34,#AmericanAirlines Flight attendants taken to hospital after American flight. Read more: https://t.co/b4Pry1k5mB $AAL
2017-01-03 18:48:57,#AmericanAirlines Flight attendants taken to hospital after American flight. Read more: https://t.co/yiNfQVl0Zl $AAL
2017-01-03 18:48:20,#AmericanAirlines Flight attendants taken to hospital after American flight. Read more: https://t.co/YBdGZx6IhC $AAL
2017-01-03 17:05:12,#AmericanAirlines : Flight attendants taken to hospital after American flight. Read more: https://t.co/bnbrd3mYwC $AAL
2017-01-03 16:26:15,7 #AmericanAirlines flight attendants go to hospital after complaint about fumes. Read more: https://t.co/TxpRFHEs92 $AAL
2017-01-03 16:19:39,Conservative Total Return Portfolio - 11.4% Total Return In 2016 https://t.co/Kh8vi4QkhS $AAL $BX $DFS $F $GE $GM $GT $IBM $JPM $KKR $SBGI
2017-01-03 16:19:39,Conservative Total Return Portfolio - 11.4% Total Return In 2016 https://t.co/SvmMKw5Hka $AAL $BX $DFS $F $GE $GM $GT $IBM $JPM $KKR $SBGI
2017-01-03 16:06:30,Seven #AmericanAirlines flight attendants go to hospital after complaint about fumes. Read more: https://t.co/rNLI87U0UK $AAL
2017-01-03 15:52:55,"Northern Trust Corp Has $193,287,000 Stake in #AmericanAirlines Group, Inc. (). Read more: https://t.co/E03A5JoiUf $AAL"
2017-01-03 15:52:18,Seven #AmericanAirlines flight attendants go to hospital after complaint about fumes. Read more: https://t.co/nVE5GFzpqH $AAL
2017-01-03 14:27:58,Computer outage strands thousands of international travelers at airports for hours. https://t.co/e4PEDbma5a $AAL $ALK $DAL $JBLU #travel
2017-01-03 14:17:36,NEWS: 2016 trading year in review. Read: https://t.co/lEzHjziZJd $FB $AAL $TD $ACN $NOC $KNDI $CERN $AGEN $ORIG $KING
2017-01-03 13:59:16,"Northern Trust Corp Has $193,287,000 Stake in American Airlines Group, Inc. $AAL https://t.co/7udMxMenPu"
2017-01-03 12:09:17,Top 3 Reasons Why U.S Airline Stocks Should Move Up in 2017 $AAL https://t.co/P8IDuJ7o32 https://t.co/A5K2W7WUSN
2017-01-03 07:41:16,Computer outage causes backups at airports https://t.co/P2faCy2pPW $AAL $ALK $DAL $JBLU #sitifatimah #malaysia #financialplanning
2017-01-03 07:39:13,MarketCurrents: Computer outage causes backups at airports https://t.co/xUB6tWexmm $AAL $ALK $DAL $JBLU
2017-01-03 07:38:57,Computer outage causes backups at airports https://t.co/QMPYvg04vS $AAL $ALK $DAL $JBLU
2017-01-03 04:51:04,$AAL Company American Airlines Group Inc. just submited new SEC filing https://t.co/qm1JFZtnZf
2017-01-03 04:05:45,"American Airlines Group, Inc. $AAL Shares Sold by Concannon Wealth Management LLC https://t.co/jGQHcg7ueL"
2017-01-03 04:05:05,"American Airlines Group, Inc. $AAL Shares Sold by Concannon Wealth Management LLC https://t.co/PRtB311z2j"
2017-01-03 04:00:44,"American Airlines Group, Inc. $AAL Shares Sold by Concannon Wealth Management LLC https://t.co/voLDua7GxM"
2017-01-03 03:23:13,RT @gassin123Charts: Thats a nice List..$GXY $NMT $MIN $ALB $NMX $LIX $CRE $AAL ..add to it $LIT  $KDR  $GPX https://t.co/9q0eeQ8xOf
2017-01-03 03:03:21,"Suntrust Banks Inc. Sells 7,859 Shares of American Airlines Group, Inc. $AAL https://t.co/JcLXjkqdD6"
2017-01-03 02:49:08,#airline #stocks $ALK $RYAAY $LUV $ALK $RYAAY $LUV $DAL $HA $JBLU $ALGT $UAL $AAL $SKYW
2017-01-03 02:06:29,CEO Sales&gt;100K Reported 12-30 $RVNC $CRM $CTO $USCR $SMCI $PLNT $NFX $CSC $AAL more info here https://t.co/weHIs8b8Dc Get our free alerts
