2017-02-20 23:34:13,"Zions Bancorporation Continues to Hold Position in American Airlines Group, Inc. $AAL https://t.co/XR2INaLZw3"
2017-02-20 23:31:31,"Zions Bancorporation Continues to Hold Position in American Airlines Group, Inc. $AAL https://t.co/OZwEImjytY"
2017-02-20 21:55:07,"Blenheim Capital Management BV Takes Position in American Airlines Group, Inc. $AAL https://t.co/73AcJDcPpj"
2017-02-20 21:20:29,"Tide Point Capital Management LP Invests $60,537,000 in American Airlines Group, Inc. $AAL https://t.co/bQOv2vUNFe"
2017-02-20 21:17:44,"Tide Point Capital Management LP Invests $60,537,000 in American Airlines Group, Inc. $AAL https://t.co/BzO01rV85V"
2017-02-20 20:38:31,"Menta Capital LLC Buys 3,400 Shares of American Airlines Group, Inc. $AAL https://t.co/eF6n6Yn1A6"
2017-02-20 20:37:22,"Menta Capital LLC Buys 3,400 Shares of American Airlines Group, Inc. $AAL https://t.co/TmWiUOSmnM"
2017-02-20 19:51:35,Appreciate your response. At customer service &amp; logged incident w/ supervisor.  And will DM. @AmericanAir $AAL https://t.co/A1JhPLGfOU
2017-02-20 19:12:13,Experienced racism  &amp; harassment fr a white male @AmericanAir flight. @realDonaldTrump you help me? Blatant after long time. $AAL @TheRevAl
2017-02-20 17:42:34,Commented on Top 10 Net Payout Yields For February 2017 https://t.co/fI0TrUpZkX $AAL $AGN $AIG $AMP $BBY $CTL $GILD $GLW $MCD $NLY $UAL
2017-02-20 16:42:41,"AAL Top news - Feb 20th, 2017 $AAL http://https://t.co/D3fnnNz5SX"
2017-02-20 15:48:28,Wall Street's Biggest Whale Is Loving Airlines https://t.co/8Ecai3OTkJ $AAL $DAL $JBLU  via @benzinga
2017-02-20 15:47:12,Transportation Sector Is Ready For Takeoff https://t.co/NUvp9nQFO3 $AAL $ALK $CAR $CHRW $CSX $DAL $EXPD $FDX $JBHT $JBLU $KEX $KSU $LSTR
2017-02-20 14:54:23,RT @Benzinga: Wall Street's Biggest Whale Is Loving Airlines https://t.co/ytLqPXY1nY $AAL $DAL $UAL $LUV
2017-02-20 14:42:55,RT @Benzinga: Wall Street's Biggest Whale Is Loving Airlines https://t.co/ytLqPXY1nY $AAL $DAL $UAL $LUV
2017-02-20 14:37:55,RT @Benzinga: Wall Street's Biggest Whale Is Loving Airlines https://t.co/ytLqPXY1nY $AAL $DAL $UAL $LUV
2017-02-20 14:32:05,Benzinga: Wall Street's Biggest Whale Is Loving Airlines https://t.co/DhEud1g2U6 $AAL $DAL $UAL $LUV
2017-02-20 14:30:03,Wall Street's Biggest Whale Is Loving Airlines https://t.co/ytLqPXY1nY $AAL $DAL $UAL $LUV
2017-02-20 10:21:42,"Brokerages Set American Airlines Group, Inc. $AAL Price Target at $46.40 https://t.co/O55Bp1lHba"
2017-02-20 09:31:39,Anglo American plc 12.8% Potential Decrease Indicated by Deutsche Bank - https://t.co/VeiSWbjYXH - #AAL - $AAL
2017-02-20 09:31:27,Anglo American plc 12.8% Potential Decrease Indicated by Deutsche Bank - https://t.co/ufl0cb8JCB - $AAL
2017-02-20 09:24:53,#AngloAmerican plc Stock Rating Reaffirmed by Canaccord Genuity. Read more: https://t.co/s3ADOzpKoK $AAL
2017-02-20 09:24:15,"J P Morgan Chase &amp; Co Reaffirms ""Overweight"" Rating for #AngloAmerican plc (). Read more: https://t.co/m5LrbBP42N $AAL"
2017-02-20 08:07:15,"Anglo American plc's PT raised by Deutsche Bank AG to GBX 1,185. hold rating. https://t.co/7kFQRzuWw6 $AAL #AAL"
2017-02-20 08:06:33,"Anglo American plc's PT raised by Deutsche Bank AG to GBX 1,185. hold rating. https://t.co/MDiruKCtiN $AAL #AAL"
2017-02-20 04:07:32,RT @PennyStockZone2: Fous4x2 #daytrading DVD review: https://t.co/7ra3wWbV87 $AAPL $FXCM $HIMX $ASPS $AAL
2017-02-20 03:56:38,Fous4x2 #daytrading DVD review: https://t.co/7ra3wWbV87 $AAPL $FXCM $HIMX $ASPS $AAL
2017-02-20 01:38:09,RT @Investuition: $AAL large call buyer on March 48.50s so worth a watch https://t.co/30CGada8x5
2017-02-20 00:57:36,$AAL large call buyer on March 48.50s so worth a watch https://t.co/30CGada8x5
2017-02-20 00:00:08,Is the #Options Market Predicting a Spike in #AmericanAirlines ( $AAL) Stock? https://t.co/BCYTUWew48
