2017-10-21 21:46:58,RT @JorelLaraKalel: Stocks 2 watch https://t.co/1GGvZzf85D $FB $AMZN $GOOGL $GOOG $CZR $UAL $DAL $AAL $DWDP https://t.co/cmKYx3b3Lm https:/��
2017-10-21 21:46:57,Stocks 2 watch https://t.co/1GGvZzf85D $FB $AMZN $GOOGL $GOOG $CZR $UAL $DAL $AAL $DWDP https://t.co/cmKYx3b3Lm https://t.co/ePGrCz3I5e
2017-10-21 18:07:36,$AAL Max Pain is 50.50 for maturity 10/27/2017. #maxpain #options https://t.co/PWsMLgqAGB https://t.co/hcTbZngq6V
2017-10-21 17:34:20,Cost Creep Remains American Airlines' Achilles Heel https://t.co/ivKEVAaBYt $AAL
2017-10-21 15:49:31,"American Airlines Group, Inc. $AAL Shares Bought by WFG Advisors LP https://t.co/7LpEzVnVzx"
2017-10-21 15:46:30,"American Airlines Group, Inc. $AAL Shares Bought by WFG Advisors LP https://t.co/m6rya3yjtl"
2017-10-21 13:34:49,American Airlines Group $AAL Shareholder Buckingham Capital Management Decreased Its Stake ...
2017-10-21 12:17:25,"AAL Top news - Oct 20th, 2017 $AAL http://https://t.co/oMd3Z3sd3g"
