2017-12-20 16:29:57,$AAL ready to break higher from this consolidation?
2017-12-20 15:10:06,Glg Has Raised American Airls Group $AAL Position https://t.co/rUIAFVmqv3
2017-12-20 13:38:29,"Mitsubishi UFJ Trust &amp; Banking Corp Sells 3,715 Shares of American Airlines Group Inc $AAL https://t.co/zpg8m5SEdf"
2017-12-20 12:32:02,"As American Airls Group $Call $AAL Share Price Declined, Holder Gendell Jeffrey L Decreased by $46.69 Milli..."
2017-12-20 10:20:20,Fous4x2 #daytrading DVD review: https://t.co/kXr2oiN1M2 $AAPL $FXCM $HIMX $ASPS $AAL
2017-12-20 02:23:01,American Airlines debuts holiday video with important (and universal) message. https://t.co/HwzhK1KhSS $AAL
2017-12-20 00:22:01,"See where North Texas' airlines land on customer complaints. https://t.co/8IvNb8GLEO $AAL, $LUV"
