2017-05-13 19:44:23,Analysts Set American Airlines Group Inc $AAL PT at $45.31 https://t.co/lCUuxCcv43
2017-05-13 19:44:22,Analysts Set American Airlines Group Inc $AAL PT at $45.31 https://t.co/TbFXfQU6BK
2017-05-13 19:32:51,American Airlines Group Inc $AAL Stake Raised by Comerica Bank https://t.co/xNb5TN0ieZ
2017-05-13 18:21:24,"$AAL breaking out, see some in-depth analysis on https://t.co/iLBRUAX7gN #RxJava #IPO"
2017-05-13 16:23:52,RT @Chart_Valley: Instead of handing out pretzels United will hand out cups to pee in. United you are disgusting!! $UAL $AAL $SPY #unitedcr��
2017-05-13 15:39:32,Instead of handing out pretzels United will hand out cups to pee in. United you are disgusting!! $UAL $AAL $SPY #unitedcrisis
2017-05-13 15:04:10,American Airlines Group Inc Valuation - February 2017 $AAL https://t.co/RsvKeRc553
2017-05-13 12:55:21,"Ten stocks, randomly chosen: $ARCH $LPL $AAL $DXGE $AFA $MELR $SPG-J $STV $PHIIK $MNE. More details at https://t.co/FOOriXawTk"
2017-05-13 11:13:38,Stock Traders Purchase High Volume of Put Options on American Airlines Group $AAL https://t.co/EMd1h2G9nB
2017-05-13 11:02:17,American Hairline Cracks S\u2026 $AAL https://t.co/omjJtqWmjj TV_TradingIdeas
2017-05-13 10:50:38,$EA $REGN $AAL options have the largest change in price. Free options screener. https://t.co/u1XNLX3CMU
2017-05-13 10:42:57,American Hairline Cracks S\u2026 $AAL https://t.co/GdOr7xM9wr
2017-05-13 07:39:13,RT @PennyStockZone2: Fous4x2 #daytrading DVD review: https://t.co/7ra3wWbV87 $AAPL $FXCM $HIMX $ASPS $AAL
2017-05-13 07:37:05,Fous4x2 #daytrading DVD review: https://t.co/7ra3wWbV87 $AAPL $FXCM $HIMX $ASPS $AAL
2017-05-13 05:59:33,Stock Traders Purchase High Volume of Put Options on American Airlines Group $AAL https://t.co/hvtHNbr4d3
2017-05-13 01:46:26,"American Airlines Group Inc $AAL EVP Maya Leibman Sells 23,857 Shares of Stock https://t.co/HEk0ZXpoJH"
2017-05-13 01:44:47,"American Airlines Group Inc $AAL EVP Maya Leibman Sells 23,857 Shares of Stock https://t.co/78EweRb2zb"
