2017-05-14 21:02:29,Weekly 8 EMA X above 21: $AAL $DAL $NWL $TWTR
2017-05-14 18:47:23,Breakout alert! $AAL Watch it on https://t.co/uXzs8bHOeC #WPI #jobs
2017-05-14 17:08:07,"Eqis Capital Management Inc. Has $308,000 Stake in American Airlines Group Inc $AAL https://t.co/ij1eICnJmI #stocks"
2017-05-14 16:59:56,"Eqis Capital Management Inc. Has $308,000 Stake in American Airlines Group Inc $AAL https://t.co/PlVnQ3tl8U"
2017-05-14 16:59:56,"Eqis Capital Management Inc. Has $308,000 Stake in American Airlines Group Inc $AAL https://t.co/vjSZzyTr9G"
2017-05-14 16:59:36,"Eqis Capital Management Inc. Has $308,000 Stake in American Airlines Group Inc $AAL https://t.co/uaFJDLiv0Q"
2017-05-14 13:23:24,Breakout alert! $AAL Watch it on https://t.co/F4WN9rJGh8 #FPIs #giveaway
2017-05-14 12:08:23,Is $AAL breaking out? Take a quick look at https://t.co/ItP6ApARYg! #demandgen #iPhone
2017-05-14 11:36:23,What's happening with $AAL? Might be worth checking out at https://t.co/6VNKYLfQDj #marketing #londoncx
2017-05-14 11:09:33,American Airlines Group Inc $AAL Short Interest Update https://t.co/gDDCN1KrdC
2017-05-14 11:07:00,Investors Purchase Large Volume of Call Options on American Airlines Group $AAL https://t.co/0NLIBHRdTE
2017-05-14 11:07:00,Investors Purchase Large Volume of Call Options on American Airlines Group $AAL https://t.co/RvJZ6nGvBl
2017-05-14 05:54:31,Investors Purchase Large Volume of Call Options on American Airlines Group $AAL https://t.co/DNZ8yRNH0F
2017-05-14 05:53:43,American Airlines Group Inc $AAL Short Interest Update https://t.co/qv8ipvXq8g
2017-05-14 05:53:42,Investors Purchase Large Volume of Call Options on American Airlines Group $AAL https://t.co/IyNQDREFTc
2017-05-14 00:59:10,Come Fly the Unfriendly Skies $UAL $AAL https://t.co/vHwyK63Wuq From: 05/06/2017
