2017-07-15 21:20:10,Large Put Buyers https://t.co/4ZQaLIU6an  $ $AZN $ANF $TSCO $LOW $S $GPS $WT $COST $AAL $ $WLL $AAT $CLF $ABBV $AAOI
2017-07-15 17:57:04,How Much Revenue Per Employee Do America's Top Companies Make? $GE $AAL $KO $F $GM $VZ $DIS  https://t.co/grIPDpByXV
2017-07-15 17:18:17,#Harvard Prof. files class action against #American Airlines over bag fees https://t.co/C37HQ7C1nm $AAL #travel @garyleff @OneMileataTime
2017-07-15 17:10:15,How Much Revenue Per Employee Do America's Top Companies Make? $GE $AAL $KO $F $GM $VZ $DIS  https://t.co/ob0YiWJ9h5
2017-07-15 11:07:14,American Airlines Group Target of Unusually Large Options Trading $AAL https://t.co/Vp6WyjFGmA
2017-07-15 11:03:26,American Airlines Group Target of Unusually Large Options Trading $AAL https://t.co/HndhWbw5SE
2017-07-15 11:00:41,"Short Interest in American Airlines Group, Inc. $AAL Declines By 7.8% https://t.co/jrgOIFDWly"
2017-07-15 05:28:44,"Short Interest in American Airlines Group, Inc. $AAL Declines By 7.8% https://t.co/HuMMcoHlqU"
2017-07-15 05:28:14,"Short Interest in American Airlines Group, Inc. $AAL Declines By 7.8% https://t.co/5csHhlBKHK"
2017-07-15 05:26:13,"Short Interest in American Airlines Group, Inc. $AAL Declines By 7.8% https://t.co/l7Vkt2VoiM"
2017-07-15 05:25:12,American Airlines Group Target of Unusually Large Options Trading $AAL https://t.co/ukPYmdHjoa
2017-07-15 03:21:14,"American Airlines Group, Inc. $AAL Position Lowered by Sentry Investment Management LLC https://t.co/vy3kvmcDXg"
2017-07-15 02:58:13,Fous4x2 #daytrading DVD review: https://t.co/7ra3wWbV87 $AAPL $FXCM $HIMX $ASPS $AAL
2017-07-15 02:34:06,Interview with Connor Bruggeman SchoolTrader Extraordinaire!: https://t.co/DgrNThhkJM $CLF $WLT $AAL $SYNC $AMRN $ADXS
2017-07-15 01:32:20,"Utah Retirement Systems Has $4.09 Million Position in American Airlines Group, Inc. $AAL https://t.co/vquOpdGBgE"
2017-07-15 01:28:20,"Utah Retirement Systems Has $4.09 Million Position in American Airlines Group, Inc. $AAL https://t.co/zALzMjVrN0"
