2017-05-21 23:11:33,https://t.co/G9pMgSr1JY &lt; Review of this fantastic traders teaching service. Try it 4 FREE while you try it out $UGAZ SNY $UVXY $AAL
2017-05-21 20:47:12,RT @ChartMill: Feeling the need for a nice setup today? Check out $AAL at https://t.co/PGswMwwBIB #gamedevelopment #StockTwits
2017-05-21 20:18:19,RT @ChartMill: Feeling the need for a nice setup today? Check out $AAL at https://t.co/PGswMwwBIB #gamedevelopment #StockTwits
2017-05-21 20:18:19,Feeling the need for a nice setup today? Check out $AAL at https://t.co/PGswMwwBIB #gamedevelopment #StockTwits
2017-05-21 18:50:18,Want a great setup? Look at $AAL https://t.co/jsNkAWoTaP #ArtificialIntelligence #appdev
2017-05-21 18:18:37,"Worst Stocks Warren Buffett Is Selling Now @themotleyfool #stocks $BRK-A, $BRK-B, $IBM, $DAL, $AAL https://t.co/YtYV06rjIr"
2017-05-21 17:55:27,"Worst Stocks #WarrenBuffett Is Selling Now @themotleyfool #stocks $BRK-A, $BRK-B, $IBM, $DAL, $AAL #investing #money https://t.co/qfKvR0eWkM"
2017-05-21 17:26:36,Man Detained on American Airlines Flight Just Wanted First Class Seat https://t.co/nGbJ78I33G $AAL
2017-05-21 17:23:11,Man Detained on American Airlines Flight Just Wanted First Class Seat https://t.co/lesA27FcFD $AAL #AmericanAirlines
2017-05-21 17:09:58,"Worst Stocks Warren Buffett Is Selling Now @themotleyfool #stocks $BRK-A, $BRK-B, $IBM, $DAL, $AAL https://t.co/jei5awLtlk"
2017-05-21 16:29:41,Interview with Connor Bruggeman SchoolTrader Extraordinaire!: https://t.co/DgrNThhkJM $CLF $WLT $AAL $SYNC $AMRN $ADXS
2017-05-21 15:09:39,"Worst Stocks Warren Buffett Is Selling Now @themotleyfool #stocks $BRK-A, $BRK-B, $IBM, $DAL, $AAL https://t.co/RJNG16Kth1"
2017-05-21 13:51:12,"Worst Stocks Warren Buffett Is Selling Now @themotleyfool #stocks $BRK-A, $BRK-B, $IBM, $DAL, $AAL https://t.co/ucwpKTxPKp"
2017-05-21 12:03:05,Somewhat Negative Media Coverage Somewhat Likely to Affect American Airlines Group $AAL Share Price https://t.co/RB4QogetU8
2017-05-21 12:03:04,Somewhat Negative Media Coverage Somewhat Likely to Affect American Airlines Group $AAL Share Price https://t.co/5gQ6kH95f2
2017-05-21 11:26:34,Somewhat Negative Media Coverage Somewhat Likely to Affect American Airlines Group $AAL Share Price https://t.co/4cWhLJOqVm
2017-05-21 02:55:29,RT @ChartMill: Woow what a setup $AAL! Check it out at https://t.co/S9fJtknWsr #contentmarketing #MTVAwards
2017-05-21 02:51:19,Woow what a setup $AAL! Check it out at https://t.co/S9fJtknWsr #contentmarketing #MTVAwards
2017-05-21 01:53:32,Tepper is Losing His #Allergan Gains! $AGN $VRX $MYL $MRK $AZN $PRGO $WFC $AAL $BRK $IeP $tst $GSK $ACAD $TWTR $KO�� https://t.co/9GRZeJDCJi
2017-05-21 01:36:14,RT @Stock_Huntress: Fous4x2 #daytrading DVD review: https://t.co/kXr2oiN1M2 $AAPL $FXCM $HIMX $ASPS $AAL
2017-05-21 01:29:20,Fous4x2 #daytrading DVD review: https://t.co/kXr2oiN1M2 $AAPL $FXCM $HIMX $ASPS $AAL
