2017-09-03 18:00:15,Glendon Capital Management LP Has Trimmed American Airls Group $AAL Holding By $1.95 Million ...
2017-09-03 14:40:17,RT @DallasBizNews: American Airlines considers ultra-discount fares for flights to Europe: https://t.co/qF7BrPBiQ3 $AAL
2017-09-03 14:37:21,DallasBizNews: American Airlines considers ultra-discount fares for flights to Europe: https://t.co/8b2U3jnADY $AAL
2017-09-03 14:36:01,American Airlines considers ultra-discount fares for flights to Europe: https://t.co/qF7BrPBiQ3 $AAL
2017-09-03 13:54:17,"American Airlines Group, Inc. $AAL is Hosking Partners LLP��s 6th Largest Position https://t.co/rSXw1XIvsc"
2017-09-03 12:59:56,"Wellington Shields &amp; Company Trimmed By $874,000 Its American Airlines Group $AAL Holding ..."
2017-09-03 09:39:23,Fous4x2 #daytrading DVD review: https://t.co/7ra3wWbV87 $AAPL $FXCM $HIMX $ASPS $AAL
2017-09-03 08:26:44,"Transports Week In Review - Trucking Industry Shows Life, Which Is Highly Positive For Tran... https://t.co/VD4LarlPWl $AAL $AAWW $ARCB"
2017-09-03 07:16:46,Traders Buy Large Volume of Call Options on American Airlines Group $AAL https://t.co/poLdl8dwCZ
2017-09-03 07:12:18,"Morgan Stanley Lowers American Airlines Group, Inc. $AAL Price Target to $51.00 https://t.co/37FMa2Vjxe"
2017-09-03 06:53:24,Stock Traders Purchase High Volume of Call Options on American Airlines Group $AAL https://t.co/bBfiVdTLuF
2017-09-03 06:52:21,Stock Traders Purchase High Volume of Call Options on American Airlines Group $AAL https://t.co/1dZEjsaI8Q
2017-09-03 06:51:07,Stock Traders Purchase High Volume of Call Options on American Airlines Group $AAL https://t.co/YPyTRgduth
