2017-01-01 19:02:08,"#AmericanAirlines Group, Inc. Upgraded at Vetr Inc. Read more: https://t.co/9WWziVrgPw $AAL"
2017-01-01 18:23:16,"#AmericanAirlines : Feel-good stories of 2016 including tales of bouncing back, getting back... Read more: https://t.co/7GteIXvnoL $AAL"
2017-01-01 18:22:39,Vetr Urges Buy On #AmericanAirlines While It's Still Grounded. Read more: https://t.co/6dka2eJ9Ft $AAL
2017-01-01 18:22:02,#AmericanAirlines Stranded no more: Manatee High School band lands in Rome . Read more: https://t.co/RgBREFOkBl $AAL
2017-01-01 18:21:24,"BlackRock Group LTD Has $88,688,000 Stake in #AmericanAirlines Group Inc. (). Read more: https://t.co/OtPSiYsZdH $AAL"
2017-01-01 18:20:48,No. 4 #AmericanAirlines president leaves for United Airlines. Read more: https://t.co/r6dqW6kmjs $AAL
2017-01-01 18:20:11,#AmericanAirlines Group Inc. won an antitrust suit against Sabre Airline Solutions. Read more: https://t.co/9V6yOnuy7t $AAL
2017-01-01 18:19:33,No. 6: #AmericanAirlines announces profit-sharing plan for employees. Read more: https://t.co/rGGzKY5mCs $AAL
2017-01-01 18:18:56,#AmericanAirlines Pilot Union Say Management Pilot Bonuses Far Exceed Line Pilot Profit Shar... Read more: https://t.co/vZiQyrJm8X $AAL
2017-01-01 18:18:19,Most Read No. 4: #AmericanAirlines CEO says employees 'still don't trust us'. Read more: https://t.co/stuSLME9VY $AAL
2017-01-01 18:17:42,Most Read No. 5: #AmericanAirlines sues in-flight internet provider Gogo. Read more: https://t.co/7uxDr7mO3b $AAL
2017-01-01 18:17:05,"Most Read No. 6: #AmericanAirlines mechanics, ground workers get double-digit percentage pay... Read more: https://t.co/177rmnnMrr $AAL"
2017-01-01 18:16:28,"#AmericanAirlines : Band members reunited for Roman holiday, prepare for parade . Read more: https://t.co/B5aAw0Z7ag $AAL"
2017-01-01 16:52:11,RT @StockTradePicks: NEWS: A pharmaceutical unicorn that can double in price. Read: https://t.co/UIoucKecmM $GOOG $RAD $OPK $AAL $HON $IVE��
