2017-06-18 23:45:53,Benzinga: Flight Delayed? Get Paid! This Startup Will Get You Compensated For Your Air Trouble https://t.co/dZVH1blbSp $AAL $AFLYY $DAL
2017-06-18 23:39:00,Flight Delayed? Get Paid! This Startup Will Get You Compensated For Your Air Trouble https://t.co/MMGiHv5YqF $AAL $AFLYY $DAL
2017-06-18 18:33:03,American Airlines Backtracks (a Bit) on Its Legroom-Reduction Plan https://t.co/arYdBA21R6 $AAL #AmericanAirlines
2017-06-18 18:00:40,American Airlines Backtracks (a Bit) on Its Legroom-Reduction Plan https://t.co/0avhClFASO $AAL
2017-06-18 16:52:53,RT @PennyStockZone2: Fous4x2 #daytrading DVD review: https://t.co/7ra3wWbV87 $AAPL $FXCM $HIMX $ASPS $AAL
2017-06-18 16:39:32,Fous4x2 #daytrading DVD review: https://t.co/7ra3wWbV87 $AAPL $FXCM $HIMX $ASPS $AAL
2017-06-18 14:45:03,$AAL Morgan Stanley raises PT to $49 from $46 https://t.co/4myuwaxiO5
2017-06-18 14:12:10,https://t.co/G9pMgSr1JY &lt; Review of this fantastic traders teaching service. Try it 4 FREE while you try it out $UGAZ SNY $UVXY $AAL
2017-06-18 12:39:05,Reviewing JetBlue Airways Corporation $JBLU and American Airlines Group $AAL https://t.co/haZrSbP3yK
2017-06-18 04:03:25,Fous4x2 #daytrading DVD review: https://t.co/7ra3wWbV87 $AAPL $FXCM $HIMX $ASPS $AAL
2017-06-18 01:56:06,Interview with Connor Bruggeman SchoolTrader Extraordinaire!: https://t.co/DgrNThhkJM $CLF $WLT $AAL $SYNC $AMRN $ADXS
