2017-12-17 23:24:20,Airlines Daily &amp; Weekly $AAL $DAL $JBLU $LUV $HA $UAL https://t.co/Ic2pkCfIDl
2017-12-17 19:51:58,Shellback Capital LP Has Upped American Airls Group $AAL Position https://t.co/2rtRdSLbfa
2017-12-17 19:36:04,"Personal Capital Advisors Decreased American Airls Group $AAL Holding By $420,650 https://t.co/v9Ti0aTa2t"
2017-12-17 17:38:52,"Wellington Shields &amp; Company Has Trimmed American Airlines Group $AAL Holding By $500,000 ..."
2017-12-17 12:35:34,Buckingham Capital Management Cut American Airlines Group $AAL Holding https://t.co/UHyvGvfL2e
2017-12-17 12:15:18,$AAL $AAWW $ALK $AMZN $ARCB $ATSG $CNI $CSX $DAL $DPSGY $DSKE $EWC $EWW $FCNTX $FDX $GATX $JBLU $KNX $LUV $MATX https://t.co/DVpu8WTJQE
2017-12-17 12:08:18,Cetera Advisors LLC Decreases Position in American Airlines Group Inc $AAL https://t.co/VhvbEoBF9h
2017-12-17 12:04:26,American Airlines Group Inc $AAL Shares Sold by California State Teachers Retirement System https://t.co/qUgYiZqFXl
2017-12-17 09:08:45,$AAL $AAWW $ALK $AMZN $ARCB $ATSG $CNI $CSX $DAL $DPSGY $DSKE $EWC $EWW $FCNTX $FDX $GATX $JBLU $KNX $LUV $MATX https://t.co/Wo7KAetVfl
