2017-07-22 20:27:14,"American Airlines Group, Inc. $AAL Shares Sold by First Quadrant L P CA https://t.co/UXUymcoa4w"
2017-07-22 17:30:58,"First Quadrant L P CA Sells 1 Shares of American Airlines Group, Inc. $AAL https://t.co/1sDUm4b66B"
2017-07-22 17:30:32,"First Quadrant L P CA Sells 1 Shares of American Airlines Group, Inc. $AAL https://t.co/wjrU0vdVHv"
2017-07-22 13:17:06,"$11.05 Billion in Sales Expected for American Airlines Group, Inc. $AAL This Quarter https://t.co/oSkY7PmASm"
2017-07-22 03:55:29,Fous4x2 #daytrading DVD review: https://t.co/7ra3wWbV87 $AAPL $FXCM $HIMX $ASPS $AAL
2017-07-22 03:31:10,Gain From These Momentum Stocks Using Driehaus Strategy $AAOI $BDC $KEM $SNX $AAL https://t.co/Z0Y0Ug0sug https://t.co/iYVhIWDKFt  @zacks
2017-07-22 02:12:25,RT @PipsToDollars: Earnings next week: $GOOGL $CMG $CAT $MCD $FB $BA $WFM $UPS $TWTR $VZ $AMZN $MA $XOM $CVX $AAL https://t.co/SH9HEW31vb
