2017-04-08 19:00:49,"The credit-card revenues are tied to spending that��s separate from the 'airline economy,'"" $DAL $AAL $LUV https://t.co/M38wt9quQL"
2017-04-08 18:04:54,Stock Buyback Program Initiated by American Airlines Group $AAL https://t.co/dU5Bvry86z
2017-04-08 17:34:05,"@BluegrassCap Analysts are questioning Stifel's valuation assumptions, but the programs are real, esp for $AAL.  Many non-believers help R/W"
2017-04-08 15:35:00,Range in blue is a bear flag. $AAL https://t.co/41ceLvBTZ1
2017-04-08 14:48:21,#AngloAmerican makes bond market return. Read more: https://t.co/yboOs5jnhk $AAL
2017-04-08 14:47:44,TOP NEWS: #AngloAmerican's De Beers Reports USD580 Million In Sales. Read more: https://t.co/TGGxo8AQQs $AAL
2017-04-08 14:47:07,"#AngloAmerican PLC : De Beers' rough diamond sales value cycle 3, 2017. Read more: https://t.co/iB05rGg1Pf $AAL"
2017-04-08 14:46:30,Anil Agarwal plans to bring #AngloAmerican's business to India. Read more: https://t.co/72AV9Vtyqc $AAL
2017-04-08 14:20:13,Stock Repurchase Program Approved by American Airlines Group $AAL Board of Directors https://t.co/tzdQkQJOCJ
2017-04-08 14:20:12,American Airlines Group $AAL to Repurchase $2 billion in Outstanding Shares https://t.co/w6MnMCP39O
2017-04-08 13:24:37,Stock Repurchase Program Approved by American Airlines Group $AAL Board of Directors https://t.co/OsFl6J3qVf #stocks
2017-04-08 13:19:18,Stock Repurchase Program Approved by American Airlines Group $AAL Board of Directors https://t.co/atmqlT45sK
2017-04-08 13:17:24,Stock Repurchase Program Approved by American Airlines Group $AAL Board of Directors https://t.co/wPfdS29eDk
2017-04-08 12:37:17,American Airlines Group $AAL to Repurchase $2 billion in  Outstanding Shares https://t.co/MVYgEoQSWG
2017-04-08 12:33:25,American Airlines Group $AAL to Repurchase $2 billion in  Outstanding Shares https://t.co/ifY3wChdfy
2017-04-08 12:06:24,American Airlines Group $AAL to Repurchase $2 billion in Outstanding Shares https://t.co/oorLgyP71y
