2017-08-03 23:38:53,"American Airlines Group, Inc. $AAL EVP Elise R. Eberwein Sells 50,000 Shares https://t.co/2ES3JeeEBN"
2017-08-03 23:37:36,"Insider Selling: American Airlines Group, Inc. $AAL EVP Sells 50,000 Shares of Stock https://t.co/11LY7gN7GM"
2017-08-03 23:37:32,"Insider Selling: American Airlines Group, Inc. $AAL EVP Sells 50,000 Shares of Stock https://t.co/ewaLgRCQbm"
2017-08-03 23:03:00,"50 most liquid, high #RelativeStrength #stocks in the #market $AMZN $BABA $UNH $AAL $LUV $REGN $WB https://t.co/wLg0MFemdW #momentumstocks"
2017-08-03 22:53:52,"Total Investment Management Inc. Buys Shares of 6,123 American Airlines Group, Inc. $AAL https://t.co/5EgKdPvfKA"
2017-08-03 22:00:48,"Total Investment Management Inc. Acquires Shares of 6,123 American Airlines Group, Inc. $AAL https://t.co/PXgULfnsCk"
2017-08-03 21:56:27,"Total Investment Management Inc. Acquires Shares of 6,123 American Airlines Group, Inc. $AAL https://t.co/d7n1Hmp083"
2017-08-03 21:07:06,$AAL - Statement of Changes in Beneficial Ownership (4) https://t.co/cyL0fHwMnn
2017-08-03 20:51:53,"Coronation Fund Managers Ltd. Raises Stake in American Airlines Group, Inc. $AAL https://t.co/TsH3HouOoS"
2017-08-03 20:50:31,"Coronation Fund Managers Ltd. Raises Stake in American Airlines Group, Inc. $AAL https://t.co/3UAG5NuZHa"
2017-08-03 19:36:19,Interview with Connor Bruggeman SchoolTrader Extraordinaire!: https://t.co/DgrNThhkJM $CLF $WLT $AAL $SYNC $AMRN $ADXS
2017-08-03 18:37:21,"https://t.co/GuLQB6Vm4B SuperAlerts Monthly changed my financial life for the better forever, check it out!! $V $P $AAL $SWKS $ITEK"
2017-08-03 17:36:40,"AAL Top news - Aug 3rd, 2017 $AAL http://https://t.co/qbpB074NQR"
2017-08-03 16:35:20,"American Airlines Group, Inc. $AAL Stock Rating Upgraded by J P Morgan Chase &amp; Co https://t.co/rpHlEIt5l2"
2017-08-03 15:44:37,Benzinga: Defining Moment: Air Traffic Controller Strike One Of Labor's Monumental Last Stands https://t.co/vVWDnHlNip $AAL $DAL $LUV
2017-08-03 15:41:01,Defining Moment: Air Traffic Controller Strike One Of Labor's Monumental Last Stands https://t.co/aIWlSQTWFK $AAL $DAL $LUV
2017-08-03 14:34:55,Subdued Implied Volatility $XOM $PFE $AAL $GS $CLF $ABX $CVX $C $JPM $BAC $FCX $COP $X $AMD #optionstrading https://t.co/nwFSFVPv6K
2017-08-03 14:32:12,RT @cfromhertz: Airlines catching a bid this morning $DAL $LUV $AAL $UAL - bottom may be in in this group $JETS
2017-08-03 14:31:00,"$AAL AAL Weekly Aug04 50 calls are seeing interest with 1260 contracts trading vs. open int of 9860, pushing impli�� https://t.co/Xbkl1uKorP"
2017-08-03 14:29:17,Airlines catching a bid this morning $DAL $LUV $AAL $UAL - bottom may be in in this group $JETS
2017-08-03 14:11:54,Are Options Traders Betting on a Big Move in American Airlines Group (AAL) Stock? https://t.co/22c4xRDdfI $AAL #AmericanAirlines
2017-08-03 14:10:28,Are Options Traders Betting on a Big Move in American Airlines Group (AAL) Stock? https://t.co/S2BxjJvpDZ $AAL
2017-08-03 13:15:24,American Airlines $AAL addresses Qatar Airways' $QIF decision to drop #Investment plans. Discover more: https://t.co/1vzeXMPO4d #Stocks
2017-08-03 13:07:44,"ICYMI: After pushback from $AAL and labour unions, Qatar Airways drops plans to take a 10% stake: https://t.co/DtTjOQsA2w"
2017-08-03 12:58:28,"American Airlines Group, Inc. $AAL Rating Lowered to Hold at BidaskClub https://t.co/mMS0zAlLKD"
2017-08-03 12:57:21,"Baltia DICKSHEENO teases $AAL board: 'a new airline will be biting at their heels Good luck to everyone' LMAO!! $BLTA NO TIME ""SOON"" $USGL"
2017-08-03 12:55:41,"American Airlines Group, Inc. $AAL Rating Lowered to Hold at BidaskClub https://t.co/LiOXcVexFg"
2017-08-03 12:53:24,"American Airlines Group, Inc. $AAL Rating Lowered to Hold at BidaskClub https://t.co/ZxzgzqDFyv"
2017-08-03 11:53:03,Airline Stock Roundup  https://t.co/6oGqdOF9CN -- $ALGT $HA $LUV $ALK $DAL $AAL $SAVE https://t.co/JOuCyhb0ow
2017-08-03 09:27:21,RT @theflynews: REPORT: Qatar Air won't proceed with plans to invest in American Airlines: https://t.co/ROmg4XzA3b $AAL
2017-08-03 08:16:03,#Stock #AAL $AAL Anglo American Long positions above 1072.00 with targets at 1268.00 &amp; 1330.00 in extension. https://t.co/kwZnScQpft
2017-08-03 06:22:20,Fous4x2 #daytrading DVD review: https://t.co/kXr2oiN1M2 $AAPL $FXCM $HIMX $ASPS $AAL
