2017-06-17 23:22:23,Critical Analysis: Allegiant Travel Company $ALGT &amp; American Airlines Group $AAL https://t.co/7ffpgtrJcB
2017-06-17 19:37:44,"Comparing American Airlines Group $AAL &amp; Copa Holdings, $CPA https://t.co/JtjLXdnvlp"
2017-06-17 19:37:29,"Comparing American Airlines Group $AAL &amp; Copa Holdings, $CPA https://t.co/8Xapxcfkrv"
2017-06-17 19:36:10,"Comparing American Airlines Group $AAL &amp; Copa Holdings, $CPA https://t.co/myTU0hk2eY"
2017-06-17 19:30:59,"Comparing American Airlines Group $AAL &amp; Copa Holdings, $CPA https://t.co/0OL2PMKZQD #stocks"
2017-06-17 19:23:29,"Comparing American Airlines Group $AAL &amp; Copa Holdings, $CPA https://t.co/Xf2BftfOgC"
2017-06-17 18:00:03,"If The Laptop Ban Goes Through, Will US-Based Airlines Mimic Gulf Carriers? https://t.co/6Cwfq329FD $AAL $DAL $UAL"
2017-06-17 16:07:31,"Legal &amp; General Group Plc Boosts Stake in American Airlines Group, Inc. $AAL https://t.co/n4nGpP58XU"
2017-06-17 12:03:47,"American Airlines Group $AAL Receiving Somewhat Critical News Coverage, Analysis Finds https://t.co/7g2CUfur7t"
2017-06-17 11:09:27,"American Airlines Group $AAL Receiving Somewhat Critical News Coverage, Analysis Finds https://t.co/ter5KvKSSn"
2017-06-17 11:03:43,"Short Interest in American Airlines Group, Inc. $AAL Drops By 10.1% https://t.co/l4n9elFhU7"
2017-06-17 07:52:07,American Airlines Group Target of Unusually High Options Trading $AAL https://t.co/3fmfEovyRc
2017-06-17 04:00:43,"BidaskClub Downgrades American Airlines Group, Inc. $AAL to Buy https://t.co/87uS1OZIsq #acn"
2017-06-17 03:56:10,"BidaskClub Downgrades American Airlines Group, Inc. $AAL to Buy https://t.co/8l6xCmVZE4"
2017-06-17 03:55:29,"BidaskClub Downgrades American Airlines Group, Inc. $AAL to Buy https://t.co/ZQEoKGYd2N"
