2017-09-04 18:44:22,Buy AAL on the dip $AAL https://t.co/35wTIjA20C
2017-09-04 17:52:05,https://t.co/3uzhZZVuF3 Binary options �C high risk high reward! $VRX $GE $COST $AAL
2017-09-04 17:03:24,"AAL Top news - Sep 4th, 2017 $AAL http://https://t.co/d7ma92dPgp"
2017-09-04 12:43:40,"Morgan Stanley Cuts American Airlines Group, Inc. $AAL Price Target to $51.00 https://t.co/5p24bcgdFz"
2017-09-04 12:12:40,Auto-trading subcriptions available at Profectus Systems: $REXX $WLL $SRPT $GALE $XOM $F $GM $NKE $SBUX $FCX $LUV $AAL $PZZA $DPZ
2017-09-04 11:42:34,"As American Airls Group $AAL Market Valuation Declined, Shareholder Contrarian Capital Management Cut Stake..."
2017-09-04 07:36:05,"https://t.co/GuLQB6Vm4B SuperAlerts Monthly changed my financial life for the better forever, check it out!! $V $P $AAL $SWKS $ITEK"
2017-09-04 07:10:44,Fous4x2 #daytrading DVD review: https://t.co/kXr2oiN1M2 $AAPL $FXCM $HIMX $ASPS $AAL
2017-09-04 03:44:33,AAL - Oversold and exhibiting\u2026 $AAL https://t.co/NhxVz1dJmx TV_TradingIdeas
2017-09-04 03:41:53,AAL - Oversold and exhibiting\u2026 $AAL https://t.co/HJ0fHsONK0
2017-09-04 03:04:09,"@stig_brodersen @PrestonPysh @Dave_Colq @harirama $UAL, $DAL, and $AAL OR $BAC and $WFC"
