2017-01-21 16:38:11,$AAL nice dip holding 50 sma https://t.co/9HcPPx4EHZ
2017-01-21 15:22:11,"Use #AmericanAirlines Card, Avoid Low-Fare Carry-On Ban. Read more: https://t.co/ywiV5nxKoe $AAL"
2017-01-21 15:21:34,#AmericanAirlines Planes clip wings on airport tarmac; no injuries reported. Read more: https://t.co/dkRvQ4rTo5 $AAL
2017-01-21 15:19:43,#AmericanAirlines' Allergy Policy Under Fire. Read more: https://t.co/OJwEOLELe0 $AAL
2017-01-21 15:19:06,#AmericanAirlines : Joplin Regional Airport to get upgraded jets for Dallas flights . Read more: https://t.co/dNoaZB8IHh $AAL
2017-01-21 15:18:29,#AmericanAirlines Plane Bumps Another Flight at LaGuardia. Read more: https://t.co/YbGnsSgI5y $AAL
2017-01-21 14:35:55,"Wow. Killin' it in the customer service category, huh @AmericanAir? Plus, now charging for carry-on? This is why I�� https://t.co/K2uAZMQmeN"
2017-01-21 12:34:50,American Airlines Group Inc. $AAL Receives $45.79 Consensus PT from Analysts https://t.co/K5iBctwOpO
2017-01-21 07:18:49,"#AmericanAirlines offers bigger bargains to passengers willing to travel light, board last. Read more: https://t.co/5OgxbounII $AAL"
2017-01-21 07:18:12,#AmericanAirlines Will Soon Offer a Cheaper Economy Fare. Read more: https://t.co/UCe9vRNpNZ $AAL
2017-01-21 03:19:00,$AAL is in Ichimoku Golden Cross winning 74.07% in the past. https://t.co/6LXg4vvNA7
2017-01-21 02:02:55,INCORPORATED (NASDAQ:AAL) Files An 8-K Other Events https://t.co/2ctsrXm5T9 $AAL
2017-01-21 00:01:54,Nasdaq100 #Stocks Performance $SWKS $AVGO $ADSK $MXIM $MCHP $AAL $CHKP $NTAP $NTES $MDLZ $FAST $LRCX $WDC  more@ https://t.co/YdSIjFJqHf
