2017-10-14 22:13:38,Q3 Earnings Season Gets Going $AIG $CB $DAL $RE $TRV $UAL $AAL https://t.co/ZcCDcA6va4
2017-10-14 20:01:53,Investors Buy High Volume of Put Options on American Airlines Group $AAL https://t.co/uKPMXtOucF
2017-10-14 19:58:52,Investors Buy High Volume of Put Options on American Airlines Group $AAL https://t.co/NcQ16Qappr
2017-10-14 19:21:05,Fous4x2 #daytrading DVD review: https://t.co/kXr2oiN1M2 $AAPL $FXCM $HIMX $ASPS $AAL
2017-10-14 19:15:02,Commented on https://t.co/iYPF355jcL $AAL $AL $HA $BA $EADSF
2017-10-14 17:16:51,"U S Global Investors Inc. Boosts Holdings in American Airlines Group, Inc. $AAL https://t.co/f8XX3tnuy5"
2017-10-14 16:32:32,"GRATRY &amp; Co LLC Buys New Holdings in American Airlines Group, Inc. $AAL https://t.co/hBIHSne3lK"
2017-10-14 16:31:05,"Gofen &amp; Glossberg LLC IL Has $6.04 Million Holdings in American Airlines Group, Inc. $AAL https://t.co/bsJNZllfRW"
2017-10-14 16:29:16,"Gofen &amp; Glossberg LLC IL Has $6.04 Million Holdings in American Airlines Group, Inc. $AAL https://t.co/rZRgQnm7ss"
2017-10-14 16:25:08,"Gofen &amp; Glossberg LLC IL Has $6.04 Million Holdings in American Airlines Group, Inc. $AAL https://t.co/oTl3xkIQsI"
2017-10-14 15:41:41,"GRATRY &amp; Co LLC Buys New Holdings in American Airlines Group, Inc. $AAL https://t.co/3xPhXWSZaX"
2017-10-14 11:36:34,Brave Asset Management Cut American Airls Group $AAL Position By $1.23 Million https://t.co/B4sHhCQX6Y
2017-10-14 05:28:22,"American Airlines Group, Inc. $AAL Price Target Raised to $56.00 at Cowen and Company https://t.co/erTVTmy907"
2017-10-14 05:25:23,"American Airlines Group, Inc. $AAL Price Target Raised to $56.00 at Cowen and Company https://t.co/MGE5trTx9z"
2017-10-14 03:46:24,"American Airlines Group, Inc. $AAL Receives $56.63 Average Price Target from Brokerages https://t.co/gH4LVGqyR0"
2017-10-14 03:37:34,"American Airlines Group, Inc. $AAL Receives $56.63 Average Price Target from Brokerages https://t.co/DXnIlcUv4z"
2017-10-14 03:34:07,RT @ChartMill: $AAL has a great technical rating! Check out it's strong technical and fundamental points at https://t.co/ijKXBUId01 #ALDS #��
2017-10-14 03:30:01,$AAL has a great technical rating! Check out it's strong technical and fundamental points at https://t.co/ijKXBUId01 #ALDS #digitalmarketing
2017-10-14 01:25:23,RT @ChartMill: $AAL shows a nice relative overall strength https://t.co/ywpTe0pO9g #GIFITUP2017 #DeepLearning
2017-10-14 01:25:01,$AAL shows a nice relative overall strength https://t.co/ywpTe0pO9g #GIFITUP2017 #DeepLearning
2017-10-14 01:06:02,$AAL is in Bullish Harami winning 65.85% in the past. https://t.co/QS8Z713dsI https://t.co/mYN6xtZhrT
