2017-09-01 22:24:50,Stocks Warren Buffett and George Soros disagree on https://t.co/kQubedxk5i $ual $aal $gs
2017-09-01 21:57:29,$AAL the bull pattern is confirmed &amp; a BUY signal is issued @ https://t.co/L5Qoydr7G9. Buy Level: 45.2968   Target: 53.9032
2017-09-01 20:55:03,Price Moves vs Expected Moves $WYNN $TGT $KR $AAL $CMG $COST $BBY $DIS $NFLX $PCLN $AMZN $BABA�� https://t.co/K2O79CAQN5
2017-09-01 20:02:11,"@alsabogal early, but $AAL maybe worth a look in that group"
2017-09-01 19:50:12,$aal up 1% ..gave it to u at open
2017-09-01 18:36:12,Airline ETF Set to Soar on Busiest Labor Day Travel https://t.co/KsZItgpr65 $UAL $AAL $LUV $DAL $JETS
2017-09-01 17:36:32,Podcast: Bitcoin Buffett &amp; Bridge..Satan calls in $AAL $SAVE $CAG $VIX https://t.co/r3663CN55S via @YouTube
2017-09-01 17:31:41,$AAL up 1.0% to 45.18 since our bullish alert at prior market close  #stocks #trading  https://t.co/qAed40JTXq
2017-09-01 17:11:00,"Upgrades, Downgrades, Initiations &amp; More: $PANW $JBLU $VMW $AMBA $RACE $DG $COO $AAL $NTNX $LULU $AAPL https://t.co/cYzhfOKmrg"
2017-09-01 17:04:50,Podcast: Bitcoin Buffett &amp; Bridge..Satan calls in $AAL $SAVE $CAG $VIX https://t.co/yU4op3oyoq https://t.co/1VgiRuVLuS
2017-09-01 17:04:33,"RT jonnajarian ""Podcast: Bitcoin Buffett &amp; Bridge..Satan calls in $AAL $SAVE $CAG $VIX https://t.co/VW3dcel6Ob https://t.co/SLLDL4Pxck"
2017-09-01 17:04:32,"RT jonnajarian ""Podcast: Bitcoin Buffett &amp; Bridge..Satan calls in $AAL $SAVE $CAG $VIX: https://t.co/DxvdE173fE via YouTube"
2017-09-01 17:03:50,Podcast: Bitcoin Buffett &amp; Bridge..Satan calls in $AAL $SAVE $CAG $VIX https://t.co/WgwW9opWZY https://t.co/cj5J7X2Iwo
2017-09-01 17:03:19,Podcast: Bitcoin Buffett &amp; Bridge..Satan calls in $AAL $SAVE $CAG $VIX https://t.co/TOjNbaUKC9 https://t.co/idxSsPqqrd
2017-09-01 17:01:54,Podcast: Bitcoin Buffett &amp; Bridge..Satan calls in $AAL $SAVE $CAG $VIX: https://t.co/04TGq3AebD via @YouTube
2017-09-01 15:21:51,Rwc Asset Management Llp Has Upped By $4.32 Million Its American Airls Group $AAL Stake ...
2017-09-01 15:18:19,"American Airlines Group, Inc. $AAL Given New $51.00 Price Target at Morgan Stanley https://t.co/jozbmthj8j"
2017-09-01 15:17:47,"American Airlines Group, Inc. $AAL Given New $51.00 Price Target at Morgan Stanley https://t.co/Mu6bCE2wjk"
2017-09-01 14:52:16,"Morgan Stanley Trims American Airlines Group, Inc. $AAL Target Price to $51.00 https://t.co/dJFjIHXooY"
2017-09-01 14:51:34,"Morgan Stanley Trims American Airlines Group, Inc. $AAL Target Price to $51.00 https://t.co/QvNsEFXLys"
2017-09-01 14:44:14,American Airlines Group's PT cut by Morgan Stanley to $51.00. weight rating. https://t.co/B22x6zRTOJ $AAL #AAL
2017-09-01 12:56:47,"AAL Top news - Sep 1st, 2017 $AAL http://https://t.co/PLifuqPHyd"
2017-09-01 12:52:44,RT @Crowd_indicator: #Adaptive to the market $AAL https://t.co/rJso7ep4RZ
2017-09-01 12:01:40,DallasBizNews: American Airlines enlists unions in uniform replacement task: https://t.co/0FZ3HrhCSk $AAL
2017-09-01 11:59:01,American Airlines enlists unions in uniform replacement task: https://t.co/VKiaDRKq3q $AAL
2017-09-01 07:39:22,Fous4x2 #daytrading DVD review: https://t.co/7ra3wWbV87 $AAPL $FXCM $HIMX $ASPS $AAL
2017-09-01 05:51:45,RT @androsForm: $AAL [bto] SEP17 $45.5 Cs @ .74
2017-09-01 05:50:01,RT @androsForm: $AAL [bto] SEP17 $45.5 Cs @ .74
2017-09-01 05:34:01,RT @androsForm: $AAL [bto] SEP17 $45.5 Cs @ .74
2017-09-01 05:23:13,RT @androsForm: $AAL [bto] SEP17 $45.5 Cs @ .74
2017-09-01 05:20:42,RT @androsForm: $AAL [bto] SEP17 $45.5 Cs @ .74
2017-09-01 05:14:54,RT @androsForm: $AAL [bto] SEP17 $45.5 Cs @ .74
2017-09-01 04:47:42,RT @androsForm: $AAL [bto] SEP17 $45.5 Cs @ .74
2017-09-01 04:40:08,RT @androsForm: $AAL [bto] SEP17 $45.5 Cs @ .74
2017-09-01 04:35:27,RT @androsForm: $AAL [bto] SEP17 $45.5 Cs @ .74
2017-09-01 04:23:03,RT @androsForm: $AAL [bto] SEP17 $45.5 Cs @ .74
2017-09-01 04:17:12,RT @androsForm: $AAL [bto] SEP17 $45.5 Cs @ .74
2017-09-01 04:13:28,RT @androsForm: $AAL [bto] SEP17 $45.5 Cs @ .74
2017-09-01 04:03:23,RT @androsForm: $AAL [bto] SEP17 $45.5 Cs @ .74
2017-09-01 03:40:23,RT @androsForm: $AAL [bto] SEP17 $45.5 Cs @ .74
2017-09-01 02:59:23,RT @androsForm: $AAL [bto] SEP17 $45.5 Cs @ .74
2017-09-01 02:55:57,RT @androsForm: $AAL [bto] SEP17 $45.5 Cs @ .74
2017-09-01 02:51:05,RT @androsForm: $AAL [bto] SEP17 $45.5 Cs @ .74
2017-09-01 02:46:04,RT @androsForm: $AAL [bto] SEP17 $45.5 Cs @ .74
2017-09-01 02:27:48,RT @androsForm: $AAL [bto] SEP17 $45.5 Cs @ .74
