2017-07-05 22:58:48,"MACD(12, 26, 9) Bull Crossover Stocks: $AAL, $BRCD, $MORE, $MS  https://t.co/sPQqRzeOW9"
2017-07-05 22:53:49,$AAL American Airlines Group C Option Order Flow Sentiment is 86.2% Bullish. https://t.co/I3AM4JfkYb
2017-07-05 21:54:11,Recent Research Analysts�� Ratings Updates for American Airlines Group $AAL https://t.co/cLMMELtKgj
2017-07-05 21:04:29,$AAL Price Trending Up 5 Days in a Row https://t.co/2jVMpoWuVa
2017-07-05 19:56:43,"Bank of America Corporation Boosts American Airlines Group, Inc. $AAL Price Target to $42.00 https://t.co/zDKzgLBxNj"
2017-07-05 19:35:08,$AAL is up 1.77%
2017-07-05 19:33:16,American Airlines tracks toward two-year high https://t.co/j1PT5bTdeq $AAL #sitifatimah #malaysia #financialplanning
2017-07-05 19:31:44,American Airlines tracks toward two-year high https://t.co/ewfxWOtGam $AAL
2017-07-05 19:31:43,American Airlines tracks toward two-year high https://t.co/L9i90Y9uDW $AAL
2017-07-05 19:15:29,$AAL airlines looking like they want to go too. Travel season and energy prices lower def helps.
2017-07-05 18:59:13,"Nuveen Asset Management LLC Has $148.82 Million Position in American Airlines Group, Inc. $AAL https://t.co/kXdt1gxOfa"
2017-07-05 18:21:21,Fous4x2 #daytrading DVD review: https://t.co/kXr2oiN1M2 $AAPL $FXCM $HIMX $ASPS $AAL
2017-07-05 16:46:03,#Southwest is joining many rivals in cutting flights to #Cuba. Details here: https://t.co/VHb4Jh3Rpe $LUV $AAL $JBLU #airlines #investing
2017-07-05 16:26:49,"AAL Top news - Jul 5th, 2017 $AAL http://https://t.co/5Gq1ACFimr"
2017-07-05 16:19:52,"Columbia Partners L L C Investment Management Sells 7,270 Shares of American Airlines Group, Inc. $AAL https://t.co/LfK8UK7Fbj"
2017-07-05 16:19:50,"Columbia Partners L L C Investment Management Sells 7,270 Shares of American Airlines Group, Inc. $AAL https://t.co/mltpXp2mns"
2017-07-05 15:50:32,Airline Stock Roundup: Southwest Airlines Trims Cuba Service &amp; More https://t.co/r6TMh3J4Ko $DAL $UAL $AAL $LUV $ALK $JBLU $RYAAY @zacks
2017-07-05 14:42:42,What Can Investors Expect from Delta Air Lines in 2Q17? https://t.co/bBWVOrGivD $DAL $AAL $UAL $PEJ
2017-07-05 14:32:20,"Nuveen Asset Management LLC Has $148.82 Million Position in American Airlines Group, Inc. $AAL https://t.co/WEbobJDIdX"
2017-07-05 13:10:23,"Credit Suisse AG Boosts Stake in American Airlines Group, Inc. $AAL https://t.co/opthKjWkiQ"
2017-07-05 13:09:43,MUST READ: Undervalued microcap about to run: https://t.co/BasveKfExp $FB $AAL $TD $ACN $NOC $KNDI $CERN $AGEN $ORIG $KING
2017-07-05 13:08:40,"Credit Suisse AG Boosts Stake in American Airlines Group, Inc. $AAL https://t.co/My6evkkUY0"
2017-07-05 12:34:14,American Airlines Group $AAL vs. Southwest Airlines Company $LUV Head-To-Head Review https://t.co/zmOdJJ08Hy
2017-07-05 11:36:28,American Airlines Group $AAL vs. Southwest Airlines Company $LUV Head-To-Head Review https://t.co/D3NnCpJCWW
2017-07-05 11:16:57,"American Airlines Group, Inc. $AAL Sees Significant Increase in Short Interest https://t.co/KLD4GxAr1X"
2017-07-05 10:42:11,"By end of 2026, 42% of pilot workforce at 5 largest airlines will retire. Helane Becker on earnings implications $ALK $AAL $DAL $UAL $LUV"
2017-07-05 10:30:23,American Airlines Group $AAL Earns Coverage Optimism Score of 0.34 https://t.co/y1gCZf1Ftk
2017-07-05 10:28:26,American Airlines Group $AAL Earns Coverage Optimism Score of 0.34 https://t.co/SyrLFnuvRi
2017-07-05 09:39:10,Fous4x2 #daytrading DVD review: https://t.co/7ra3wWbV87 $AAPL $FXCM $HIMX $ASPS $AAL
2017-07-05 09:08:09,"Anglo American plc's neutral rating reiterated at Goldman Sachs Group, Inc. (The). GBX 1,050 PT. https://t.co/ojvI0vLy7G $AAL #AAL"
2017-07-05 06:26:19,"American Airlines Group, Inc. $AAL Sees Significant Increase in Short Interest https://t.co/IhQeZFDKn2"
2017-07-05 02:16:10,https://t.co/G9pMgSr1JY &lt; Review of this fantastic traders teaching service. Try it 4 FREE while you try it out $UGAZ SNY $UVXY $AAL
