2017-03-19 20:20:08,RT @seeitmarket: Top S&amp;P 500 Losers of the past week: $UAL $AAL $FTR $URBN $ILMN $M https://t.co/2cTiciMhBj
2017-03-19 19:04:02,Joe Lowry: Argentina Will Produce More Lithium than Chile https://t.co/Yhbv6CUNLq $ORL $AAL $FMC $SQM $LAC $GXY $ALB https://t.co/rabqZfUgXT
2017-03-19 16:32:29,Anil Agarwal defends Vedanta's move to buy stake in #AngloAmerican. Read more: https://t.co/olcrdIj5SK $AAL
2017-03-19 11:15:18,ARLZ-2.25-Nasdaq-Pharma-Soared-After-HRS-CEO/INSIDER-HUGE-BUYS! $COST $MNST $MDLZ $WFM $SBAC SBAC  $VOD $TMUS $FAST�� https://t.co/57fjKoqRm7
2017-03-19 03:03:02,Top Copper-producing Companies https://t.co/8CypyrwI67 #copper $FCX $GLEN $BHP $SCCO $KGH $RIO $AAL $ANTO $FM https://t.co/3hDNMFHqxo
2017-03-19 00:34:06,"@DallasBizNews: American Airlines offers free meals for passengers in coach: https://t.co/qWwOlsZu8S $AAL"" Wait for it... #airlines"
2017-03-19 00:33:12,DallasBizNews: American Airlines offers free meals for passengers in coach: https://t.co/hcGIUdCGkl $AAL
2017-03-19 00:32:54,RT @DallasBizNews: American Airlines offers free meals for passengers in coach: https://t.co/L2LEJl3raj $AAL
2017-03-19 00:31:00,American Airlines offers free meals for passengers in coach: https://t.co/L2LEJl3raj $AAL
