2017-03-05 23:11:07,Scan results - Expansion Pivot Buy Setup today: $ANW $BITA $BUD $KTWO $MGP $LGIH $AAL $DV $IGT ... https://t.co/irQkvIfk4x
2017-03-05 20:20:01,EarlyBird Twitter approved for trade floors. $AAL We each have a considerable responsibility to the long... #Markets https://t.co/pLVENokjQ4
2017-03-05 18:00:35,"United Capital Financial Advisers LLC Sells 4,401 Shares of American Airlines Group Inc $AAL https://t.co/5iUvOzwDXc"
2017-03-05 17:53:15,"United Capital Financial Advisers LLC Sells 4,401 Shares of American Airlines Group Inc $AAL https://t.co/jUuI4Z49ch"
2017-03-05 16:04:09,American Airlines Group Inc Valuation - February 2017 $AAL https://t.co/RsvKeRc553
2017-03-05 15:45:04,"#AngloAmerican PLC : De Beers' rough diamond sales value cycle 2, 2017. Read more: https://t.co/tx2w5HvuYK $AAL"
2017-03-05 15:44:26,"Zacks: #AngloAmerican plc (NGLOY) Given Consensus Rating of ""Hold"" by Brokerages. Read more: https://t.co/DFCOCOTIu9 $AAL"
2017-03-05 13:59:28,#Options #maxpain chart for $AAL. Free app https://t.co/VCJp7MA06J https://t.co/pFF0k12LOZ
2017-03-05 13:45:02,$AAL #Options OI chart. Free stocks app https://t.co/cnRpv2hkbQ https://t.co/hm48zVxehp
2017-03-05 13:26:06,Do you know that #Book Value for $AAL is $7.36 https://t.co/GJAWhI4khR
2017-03-05 12:10:02,Do you know that #Book Value for $AAL is $7.36 https://t.co/GJAWhHMITh
2017-03-05 11:45:03,We calculated 63-day Expected Return of $AAL for you: 2.43% https://t.co/3M6rF0qIXK
2017-03-05 07:24:55,#EquityResearch What Does Buffett Know About Airlines? $AAL $DAL $LUV $UAL $BRK.B $BRK.A https://t.co/44saoODqr1 https://t.co/9VQQ6AUraq
2017-03-05 07:24:40,#EquityResearch What Does Buffett Know About Airlines? $AAL $DAL $LUV $UAL $BRK.B $BRK.A https://t.co/CmzUQc92DW https://t.co/mWMQELWB1M
2017-03-05 07:23:23,RT @SeekingAlpha: What Does Buffett Know About Airlines? https://t.co/KkQwH8qrDW $AAL $DAL $LUV $UAL $BRK.B $BRK.A
2017-03-05 07:20:49,What Does Buffett Know About Airlines? https://t.co/KkQwH8qrDW $AAL $DAL $LUV $UAL $BRK.B $BRK.A
2017-03-05 05:09:02,End Of Easy $BA $M $TGT $V $DDAIF $AMZN $COST $SNAP $TWTR $AAL https://t.co/p672QNQIBC
2017-03-05 03:40:04,"Looks like now BIOTECH and Airline Sector going to do well $AAL, $HA, $DAL &amp; $GILD"
2017-03-05 02:06:49,RT @theflynews: REPORT: DOT suspends comment periods for certain proposed measures: https://t.co/XvKZSRp4l9 $JBLU $AAL $UAL $DAL $LUV
2017-03-05 00:34:12,RT @theflynews: REPORT: DOT suspends comment periods for certain proposed measures: https://t.co/XvKZSRp4l9 $JBLU $AAL $UAL $DAL $LUV
