2017-02-12 23:50:55,$AAL Airline-related ETF rallies as Trump meets with industry CEOs https://t.co/oXIMv2lhtl
2017-02-12 21:58:44,"Pioneer Investment Management Inc. Has $20,312,000 Position in American Airlines Group, Inc. $AAL https://t.co/Ag0bTOeWNG"
2017-02-12 19:10:23,Testing standard line. We may have a trade on $AAL next week. https://t.co/bIP1xgL63Z
2017-02-12 18:06:30,#AmericanAirlines AAssembling the world's largest AAirline. Read more: https://t.co/7PB3W0oMSU $AAL
2017-02-12 18:05:53,Offset Gets Upset After Getting Booted Off #AmericanAirlines Flight [VIDEO]. Read more: https://t.co/lrSZNHUTeb $AAL
2017-02-12 18:05:16,BRIEF-#AmericanAirlines says continues to expect Q1 TRASM to be up 2.5 pct to 4.5 pct. Read more: https://t.co/3yEZ4q8Kt8 $AAL
2017-02-12 18:04:39,"Jason Derulo Calls Out #AmericanAirlines For ""Racial Discrimination"". Read more: https://t.co/0ZiyCp3jOQ $AAL"
2017-02-12 18:04:02,#AmericanAirlines No credible threat found after American flight diverted. Read more: https://t.co/h6VKlk6aK4 $AAL
2017-02-12 18:02:48,#AmericanAirlines passenger traffic dipped slightly in January. Read more: https://t.co/K422bXawNR $AAL
2017-02-12 18:02:11,#AmericanAirlines : Plane diverted to St. Louis over security issue back in air after unrela... Read more: https://t.co/mE2TIWHEdq $AAL
2017-02-12 15:11:08,#AngloAmerican Kumba to give mine to ArcelorMittal. Read more: https://t.co/PU9WEbt441 $AAL
2017-02-12 12:43:10,"Short Interest in American Airlines Group, Inc. $AAL Drops By 7.2% https://t.co/yJzlOKTTuv"
2017-02-12 10:32:01,$AAL: Bullish analyst action by Bernstein on American Airlines Group: https://t.co/BCYhaQpNR2
2017-02-12 10:23:01,"#AngloAmerican plc Price Target Raised to GBX 1,430. Read more: https://t.co/4xP3x9TjHZ $AAL"
2017-02-12 10:22:24,#AngloAmerican Platinum boss injured by buffalo while on holiday. Read more: https://t.co/CgTJFl8eOm $AAL
2017-02-12 10:21:47,"#AngloAmerican Kumba Iron Ore to pay R2,5 billion tax bill. Read more: https://t.co/xo1wCeS4aC $AAL"
2017-02-12 10:17:25,#AngloAmerican Kumba shares tumble after it announces tax settlement. Read more: https://t.co/ITRWGe8v2X $AAL
2017-02-12 10:15:32,"Short Interest in #AmericanAirlines Group, Inc. Drops By 7.2%. Read more: https://t.co/TyCzO8BXe8 $AAL"
2017-02-12 08:08:50,"Short Interest in American Airlines Group, Inc. $AAL Drops By 7.2% https://t.co/cMR6Mgm6ue"
2017-02-12 01:23:06,DallasBizNews: How American Airlines went from bankruptcy to the world's largest airline https://t.co/R2P6zJbkvI $AAL
2017-02-12 01:20:13,RT @DallasBizNews: How American Airlines went from bankruptcy to the world's largest airline https://t.co/X36cvUCSwr $AAL
2017-02-12 01:15:00,How American Airlines went from bankruptcy to the world's largest airline https://t.co/X36cvUCSwr $AAL
2017-02-12 01:10:55,$ICNB.03 - NEW HIGH FRI! Whale-BUYING - NEWS! $SHPG $COST $MNST $MDLZ $WFM $SBAC  $VOD $TMUS $FAST $DAL $AAL $WFM�� https://t.co/vEbLO1Bruu
