2017-06-13 21:10:56,TTG Themes of the day(below): $MU $CSCO $R $CLX $NBR $STWD $TRQ $SGMS $PHM $PAYX $UPS $YNDX $FXE $V $AAL $ATI $DIS�� https://t.co/XwNciEpwRq
2017-06-13 20:58:34,What is the current state of the airline industry? $UAL $SAVE $LUV $JBLU $DAL $AAL https://t.co/5ZJztVNUfE https://t.co/y3hckQ9jcs
2017-06-13 20:25:09,What Are Analysts Recommending for American Airlines? https://t.co/UJt357f2G9 $AAL #AmericanAirlines
2017-06-13 19:57:36,Fous4x2 #daytrading DVD review: https://t.co/7ra3wWbV87 $AAPL $FXCM $HIMX $ASPS $AAL
2017-06-13 19:41:08,Repeat $AAL &amp; $STWD calls
2017-06-13 19:36:16,"Dominion #Diamond keeps us waiting for sale, CEO news https://t.co/mSPBx9UAaw @reutersnicolem $DDC $AAL $RIO $SWY #cdnbiz #CPPIB #NWT"
2017-06-13 19:26:10,What Are Analysts Recommending for American Airlines? https://t.co/mkwbdW7SRB $AAL
2017-06-13 18:45:08,"$AAL...Short on VWAP Crusher setup... Entry $49.40, covered $48.91 x 1300 https://t.co/nkdvPwdIOZ"
2017-06-13 18:22:07,"Fmr LLC Boosts Stake in American Airlines Group, Inc. $AAL https://t.co/cYJ5vEBjwj"
2017-06-13 17:09:50,American Airlines Group Inc $AAL https://t.co/5Nji5sJkWK https://t.co/z8a6yCMpEB
2017-06-13 16:51:19,"Fmr LLC Boosts Stake in American Airlines Group, Inc. $AAL https://t.co/9VQI4fKpZy"
2017-06-13 16:42:28,"Principal Financial Group Inc. Lowers Position in American Airlines Group, Inc. $AAL https://t.co/t8fCcsbqVJ #stocks"
2017-06-13 16:38:33,"Principal Financial Group Inc. Lowers Position in American Airlines Group, Inc. $AAL https://t.co/0tiwx86aFF"
2017-06-13 16:38:29,"Principal Financial Group Inc. Lowers Position in American Airlines Group, Inc. $AAL https://t.co/pWV6JJs79z"
2017-06-13 16:26:42,"AAL Top news - Jun 13th, 2017 $AAL http://https://t.co/NohjN2zFwT"
2017-06-13 16:14:59,$SNAP currently valued within 3B of $AAL - A selfie app versus AMERICAN AIRLINES.
2017-06-13 15:53:35,Allegiant Travel Company $ALGT versus American Airlines Group $AAL Financial Survey https://t.co/YbYqx8BtGx
2017-06-13 15:01:23,Allegiant Travel Company $ALGT versus American Airlines Group $AAL Financial Survey https://t.co/LUXz8HNNoP
2017-06-13 15:00:41,Allegiant Travel Company $ALGT versus American Airlines Group $AAL Financial Survey https://t.co/hSlSLzhKwf
2017-06-13 14:47:16,"Schroder Investment Management Group Has $2.09 Million Stake in American Airlines Group, Inc. $AAL https://t.co/HLq0K0PgpS"
2017-06-13 14:34:05,Ready to invest? $AAL is definitely worth checking out today! https://t.co/SkOxYgWsS7 #voip #NextMoney
2017-06-13 14:25:21,"Schroder Investment Management Group Has $2.09 Million Stake in American Airlines Group, Inc. $AAL https://t.co/S5bEd7xEhj"
2017-06-13 12:45:05,Ready to invest? $AAL is definitely worth checking out today! https://t.co/0FYr2Ct2s5 #Hack #igdev
2017-06-13 05:21:59,Fous4x2 #daytrading DVD review: https://t.co/kXr2oiN1M2 $AAPL $FXCM $HIMX $ASPS $AAL
2017-06-13 04:07:13,Behind American Airlines' May Performance https://t.co/efFa5MFfdl $AAL $UAL $LUV $DAL
