2017-06-03 21:35:47,Trump to Kick Off Infrastructure Drive with Air-Traffic Proposal on Monday #WallStreet $BX $GS $JPM $AAL $DAL $ALK https://t.co/yBPdOT1q4Y
2017-06-03 21:01:36,@FakeOscarMunoz Good! I'm all about $AAL
2017-06-03 17:16:48,American Airlines Group Inc $AAL Shares Bought by Stifel Financial Corp https://t.co/T5x6mMf3nZ
2017-06-03 16:04:27,American Airlines Group Inc $AAL Expected to Post Earnings of $1.66 Per Share https://t.co/tuEECiMw5f
2017-06-03 16:01:44,American Airlines Group Inc $AAL Expected to Post Earnings of $1.66 Per Share https://t.co/dlwugVbcfp
2017-06-03 15:55:14,Raymond James Financial Services Advisors Inc. Increases Stake in American Airlines Group Inc $AAL https://t.co/1jeJK19bQe
2017-06-03 15:55:14,Raymond James Financial Services Advisors Inc. Increases Stake in American Airlines Group Inc $AAL https://t.co/9jMUjSDnKJ
2017-06-03 15:53:20,Raymond James Financial Services Advisors Inc. Increases Stake in American Airlines Group Inc $AAL https://t.co/d4CFAPcGbt
2017-06-03 15:49:21,Raymond James Financial Services Advisors Inc. Increases Stake in American Airlines Group Inc $AAL https://t.co/CYWaHmznu5 #stocks
2017-06-03 15:09:58,Warren Buffett Stocks In Focus: American Airlines $AAL$JETS related story https://t.co/4EKPu3fhRq
2017-06-03 14:27:02,$AAL pushing up against a big resistance level ~$50. this thing is going back to $55+ on a break out #airlines https://t.co/pjkcR1Ls1G
2017-06-03 12:15:18,$LACDF Lithium Miner News For Month Of May 2017 https://t.co/7aAtwUWuSY $AAL $ALB $ALTAF $AVLIF $BCRMF $CRECF $FMC $GALXF $ILHMF #GotLithium
2017-06-03 11:07:14,"Noteworthy Friday Option Activity: SWKS, AAL, UAL https://t.co/8bE37I8doq $AAL #AmericanAirlines"
2017-06-03 10:57:11,"Noteworthy Friday Option Activity: SWKS, AAL, UAL https://t.co/b7wl1RS6WO $AAL"
2017-06-03 08:33:12,"$AAL technical alerts: Gilligan's Island Sell Setup, Lizard Bearish, Doji - Bearish?, Shooting Sta... https://t.co/tnl0VnAOi1"
2017-06-03 03:02:10,.@AmericanAir plans to invest $1.6 billion at LAX over next 15 years $AAL | @Conor_Shine https://t.co/3cW8UHVOyU https://t.co/rdxaW6ml51
2017-06-03 01:52:05,Is SunEdison An American Airlines? https://t.co/7Np7tZLLR9 $AAL
2017-06-03 00:47:12,Is SunEdison An American Airlines? https://t.co/gnUg2piyyP $AAL #AmericanAirlines
2017-06-03 00:43:07,"@HansMrkts I'm calling BS in the fins, look at other into rate sensitives like $AAL $LUV $UAL $FDX and some fins lo�� https://t.co/rWjHiYspBr"
