2017-06-11 23:07:15,Sell $AAL AAL can't get a flight out on time. #DELAYED
2017-06-11 22:34:06,$AAL has a great technical rating! Check out it's strong points at https://t.co/shhbliDfPm #GIPHYSays #XboxOne
2017-06-11 22:13:41,RT @tradewithjoe: Entered a swing short on Friday. Up 100%. Still holding 1/2 position. $AAL https://t.co/iI6dUocoBg
2017-06-11 21:32:19,Canal Ascendente $AAL https://t.co/nBYUVVX5M1 TV_TradingIdeas
2017-06-11 20:17:43,On watch into next week also. We have $AAL position. $UAL https://t.co/yYntx4Zl9e
2017-06-11 19:54:08,Entered a swing short on Friday. Up 100%. Still holding 1/2 position. $AAL https://t.co/iI6dUocoBg
2017-06-11 11:10:33,American Airlines Group $AAL Given Media Impact Score of 0.32 https://t.co/qyTuHZXkUF
2017-06-11 09:49:17,Fous4x2 #daytrading DVD review: https://t.co/7ra3wWbV87 $AAPL $FXCM $HIMX $ASPS $AAL
