2017-10-16 18:57:09,$AAL coming off lows on decent vol may have nice pop tmrw!
2017-10-16 18:38:39,$AAL Max Pain=47.50. Maturity=10/20/2017. #maxpain #options https://t.co/uMnh6Ucf5w https://t.co/xjeriNuT3b
2017-10-16 18:06:30,ASX: Smallcaps #Lithium guide https://t.co/kWCbCSdBfd + Some TSX: $ILC $DJI $LSC $AAL $PE $ML $NLC $AGY $KDR $LKE S�� https://t.co/LqjBLilMLG
2017-10-16 17:03:50,@surinotes what is your view for $AAL ?
2017-10-16 16:40:45,Q3 Guidance Gets a Little Better at American Airlines and United Continental https://t.co/UIQtySZaOS $UAL $AAL $DAL
2017-10-16 14:43:29,"Macquarie Group Ltd. Has $10.32 Million Position in American Airlines Group, Inc. $AAL https://t.co/jlqZElqNFP"
2017-10-16 14:20:01,$AAL showing  the best technicals its sector https://t.co/P4CpExIWs5 #MondayMotivation #Ethereum
2017-10-16 13:36:53,$DAL $UAL $AAL airliners pulling back
2017-10-16 13:22:47,Stock spikes on imminent M&amp;A deal. Still 100%+ upside: https://t.co/WYDNzGjMlG $FB $AAL $TD $ACN $NOC $KNDI $CERN $AGEN $ORIG $KING
2017-10-16 13:15:01,"Like it or not, but $AAL's  techical report is impressive https://t.co/EageiRAFTa"
2017-10-16 11:59:26,"Q3 Guidance Gets a Little Better at American Airlines and United Continental @themotleyfool #stocks $UAL, $AAL https://t.co/hHQuKBJDGX"
2017-10-16 11:23:18,Commented on https://t.co/ucCY9e10ra $AAL $AL $HA $BA $EADSF
2017-10-16 10:22:42,"Everence Capital Management Has Boosted By $363,000 Its American Airlines Group Ord $AAL Stake ..."
2017-10-16 09:03:04,"American Airlines Group, Inc. $AAL Set to Announce Earnings on Wednesday https://t.co/9otBZ5Zbsk"
2017-10-16 08:42:21,AAL...buy opportunity  $AAL https://t.co/c2qlgJrZ7a
2017-10-16 03:01:17,"https://t.co/GuLQB6Vm4B SuperAlerts Monthly changed my financial life for the better forever, check it out!! $V $P $AAL $SWKS $ITEK"
