2017-06-04 15:15:16,Stock Traders Purchase Large Volume of Call Options on American Airlines Group $AAL https://t.co/Ykaz9a6M5t
2017-06-04 15:06:13,Fjarde AP Fonden Fourth Swedish National Pension Fund Raises Stake in American Airlines Group Inc $AAL https://t.co/thJ0NIe3v2
2017-06-04 14:19:28,American Airlines Group Target of Unusually High Options Trading $AAL https://t.co/oC4rntDVQX
2017-06-04 13:51:19,Stock Traders Purchase Large Volume of Call Options on American Airlines Group $AAL https://t.co/hUDq0wsh60
2017-06-04 13:17:26,American Airlines Group Target of Unusually High Options Trading $AAL https://t.co/EBAxZkD4ll
2017-06-04 13:17:08,American Airlines Group Target of Unusually High Options Trading $AAL https://t.co/XF3G3n07Ny
2017-06-04 10:20:23,Why #flying #economy in the #US has become an #awful experience - &amp; it will likely only get #worse. $DAL $UAL $AAL https://t.co/tjPwPwm6hd
2017-06-04 03:28:51,$AAL Stochastics Overbought https://t.co/78xwKptMcy
