2017-09-02 20:41:45,Bought the dip on $AAL went up on a downgrade stock looks like it��s bottoming for now. Will take a couple % on it and sell.
2017-09-02 18:21:21,Fous4x2 #daytrading DVD review: https://t.co/kXr2oiN1M2 $AAPL $FXCM $HIMX $ASPS $AAL
2017-09-02 16:05:43,"American Airlines Group, Inc. $AAL Price Target Cut to $51.00 by Analysts at Morgan Stanley https://t.co/sqlzN9N4Fy"
2017-09-02 15:52:20,"American Airlines Group, Inc. $AAL Price Target Cut to $51.00 by Analysts at Morgan Stanley https://t.co/vKcL4XrtKL"
2017-09-02 15:06:41,"Partners Value Investments LP Has $7.10 Million Stake in American Airlines Group, Inc. $AAL https://t.co/aT0wwBMWWV"
2017-09-02 15:04:36,"Partners Value Investments LP Has $7.10 Million Stake in American Airlines Group, Inc. $AAL https://t.co/RoNrJWRxFd"
2017-09-02 15:03:27,"Partners Value Investments LP Has $7.10 Million Stake in American Airlines Group, Inc. $AAL https://t.co/k9LrPcFz2T"
2017-09-02 15:00:29,RT @Crowd_indicator: #Adaptive to the market $AAL https://t.co/rJso7ep4RZ
2017-09-02 14:12:46,"American Airlines Group, Inc. $AAL Position Reduced by Oppenheimer &amp; Co. Inc. https://t.co/QKHiNMXC0e"
2017-09-02 13:45:21,"American Airlines Group, Inc. $AAL Position Reduced by Oppenheimer &amp; Co. Inc. https://t.co/lzB5eoyw3k"
2017-09-02 12:11:29,"Sumitomo Mitsui Trust Holdings Inc. Lowers Stake in American Airlines Group, Inc. $AAL https://t.co/smBYVD0YqW"
2017-09-02 10:24:33,"Sumitomo Mitsui Trust Holdings Inc. Lowers Stake in American Airlines Group, Inc. $AAL https://t.co/az642D7zl0"
2017-09-02 08:26:23,"https://t.co/GuLQB6Vm4B SuperAlerts Monthly changed my financial life for the better forever, check it out!! $V $P $AAL $SWKS $ITEK"
2017-09-02 03:15:06,American Airlines Group Inc  Lower Price Target by Morgan Stanley (Ranked 35th) to $51 as Equal-Weight $AAL #AAL https://t.co/YbwcR6mnLK
2017-09-02 02:45:10,American Airlines Group Inc  Reiterated Rating by Morgan Stanley (Ranked 35th) to Equal-Weight with $51PT $AAL #AAL https://t.co/YbwcR6mnLK
2017-09-02 02:01:30,United Continental advances plans for full Houston schedule to Sept. 8 https://t.co/WDzhVbDN8s $UAL $DAL $AAL $SAVE
2017-09-02 02:01:30,United Continental advances plans for full Houston schedule to Sept. 8 https://t.co/ZcohOcE1th $UAL $DAL $AAL $SAVE
2017-09-02 00:02:09,RT @Crowd_indicator: #Adaptive to the market $AAL https://t.co/rJso7ep4RZ
