2017-03-12 19:07:02,American &amp; United Airlines borrow from Spirit's flight plan: https://t.co/2PxOGU4YZu $SAVE $AAL $UAL https://t.co/u0sRSyWauY
2017-03-12 18:12:14,RT @PennyStockZone2: Fous4x2 #daytrading DVD review: https://t.co/7ra3wWbV87 $AAPL $FXCM $HIMX $ASPS $AAL
2017-03-12 18:06:32,Fous4x2 #daytrading DVD review: https://t.co/7ra3wWbV87 $AAPL $FXCM $HIMX $ASPS $AAL
2017-03-12 16:08:21,"#AmericanAirlines to invest $100m in Brazil, says minister. Read more: https://t.co/9yWfCMRM2z $AAL"
2017-03-12 14:48:10,RT @_airlines_: #AmericanAirlines : passenger traffic drops 3.3 percent in February. Read more: https://t.co/aBQD0W836M $AAL
2017-03-12 14:32:04,#AmericanAirlines Group Inc Upgraded at Vetr Inc. Read more: https://t.co/1BK0gHC0mH $AAL
2017-03-12 13:02:08,Marshall Wace LLP Reduces Stake in American Airlines Group Inc $AAL https://t.co/mGMLX2MjeV
2017-03-12 12:28:58,$AAL - $TLT ratio showing $AAL still has room to head lower https://t.co/fSSltM2Neu
2017-03-12 12:18:07,#AmericanAirlines : passenger traffic drops 3.3 percent in February. Read more: https://t.co/aBQD0W836M $AAL
2017-03-12 11:21:32,Interview with Connor Bruggeman SchoolTrader Extraordinaire!: https://t.co/DgrNThhkJM $CLF $WLT $AAL $SYNC $AMRN $ADXS
2017-03-12 03:15:18,"@rationalwalk With $BRK holding $AAL $DAL $LUV $UAL, hopefully Buffett can prevail upon the latter, to not raise fares on meeting weekends!"
2017-03-12 03:11:39,American Business Acumen at its smartest. Airlines raising fares on $BRK meeting weekends! $AAL $DAL $LUV $UAL�� https://t.co/1kCHHT27GC
2017-03-12 01:41:03,"$LHA.DE Buys $AAL /Lufthansa down, American Airlines up"
