2017-02-11 16:39:41,VIDEO: Airline $JETS $AAL $JBLU $DAL $HA $LUV Tech Analysis Chart 2/10/2016 https://t.co/0rhefpEICG #business #trading #finance #airline
2017-02-11 15:18:25,DallasBizNews: How they AAssembled the world's largest AAirline https://t.co/3eGvoo0jq4 $AAL
2017-02-11 15:18:00,How they AAssembled the world's largest AAirline https://t.co/H0ii6qYSaZ $AAL
2017-02-11 13:12:40,Auto-trading subcriptions available at Profectus Systems: $REXX $WLL $SRPT $GALE $XOM $F $GM $NKE $SBUX $FCX $LUV $AAL $PZZA $DPZ
2017-02-11 12:18:38,$GILD $HSY $AAL options have the largest change in open interest. Free options screener. https://t.co/JDQqC7jIjD
2017-02-11 08:55:01,$AAL: Bullish analyst action by Bernstein on American Airlines Group: https://t.co/BCYhaQpNR2
2017-02-11 07:16:11,RT @PennyStockZone2: Fous4x2 #daytrading DVD review: https://t.co/7ra3wWbV87 $AAPL $FXCM $HIMX $ASPS $AAL
2017-02-11 06:51:56,Fous4x2 #daytrading DVD review: https://t.co/7ra3wWbV87 $AAPL $FXCM $HIMX $ASPS $AAL
2017-02-11 02:24:40,$GILD $HSY $AAL options have the largest change in open interest. Free options screener. https://t.co/JDQqC7Bjbb
2017-02-11 02:04:48,RT @RGNonline: Investing in African Mining Indaba day one round-up @MiningIndaba @AngloAmerican $AAL #miningindaba #Africa https://t.co/FZX��
2017-02-11 01:29:05,American Airlines Group (AAL) January Load Factor Declines https://t.co/GPjTfq8H81 $AAL #AmericanAirlines
2017-02-11 00:06:07,American Airlines Group (AAL) January Load Factor Declines https://t.co/eQnTA06q1Q $AAL
