2017-01-29 21:32:38,RT @Lewisisthename: Look at 3-month chart and you will $AAL has line of support here at 45.80 range.  Could be a bounce coming. I am bullis��
2017-01-29 20:54:45,DallasBizNews: American Airlines will refile Qantas joint venture plan under Trump: https://t.co/QxzEK2GBEW $AAL
2017-01-29 20:52:59,American Airlines will refile Qantas joint venture plan under Trump: https://t.co/AfDybGAmwo $AAL
2017-01-29 20:14:52,"$AAL:AU Tech market growth rates on decline in Australia, Asia Pacific #APAC COAL LTD  https://t.co/Ju1KClJt2K #ASX2000"
2017-01-29 20:12:46,#AmericanAirlines ditches the seat-back entertainment screen on some planes. Read more: https://t.co/mGgcypJNot $AAL
2017-01-29 19:27:23,$AAL the yield discrepancy with $DAL is still a significant opportunity.. don't rush to sell
2017-01-29 19:02:24,Still No LUV For #AmericanAirlines. Read more: https://t.co/nlI3yxIfU2 $AAL
2017-01-29 18:43:40,On high watch Monday. $AAL https://t.co/l6GmZlZO2a
2017-01-29 17:52:45,Lithium Stocks TSX.V: $AAL Will Surge Much Higher in 2017 - David Sidoo https://t.co/10FW0BsTuJ via @YouTube @AdvLithium #lithium
2017-01-29 17:50:00,Tomorrow few names on watch: $LABU $WYNN $NVDA $NFLX $TSLA $X $AAL watching for gappers with volume as well
2017-01-29 17:11:55,"bearish engulfing patterns $AAL, $S, $CY, $DAL, $BBY, $TV, $FITB, $JCI, https://t.co/pNuDP7ffDM"
2017-01-29 15:13:15,RT @_airlines_: #AmericanAirlines : Soaring Valor students join WWII vets for trip of a lifetime . Read more: https://t.co/WyXEmFEKnq $AAL
2017-01-29 14:10:07,"RT @Canadasbesthope: I like $SPY, $BABA and $AAL to be popping in the morning. Also, $NVDA.."
2017-01-29 13:57:13,#EquityResearch Still No LUV For American Airlines $AAL $ALK $LUV https://t.co/mZCbMFOKM0 https://t.co/dQPs3FFyeX
2017-01-29 13:57:12,#EquityResearch Still No LUV For American Airlines $AAL $ALK $LUV https://t.co/EeoXUz03uG https://t.co/ETT3JyHFR9
2017-01-29 13:53:07,Still No LUV For American Airlines https://t.co/BPfEHyaftw $AAL $ALK $LUV
2017-01-29 13:16:17,$GOOG $UNP $AAL options have the largest change in open interest. Free options screener. https://t.co/JDQqC7jIjD
2017-01-29 11:36:21,Why won't #AmericanAirlines refund my son's airfare?. Read more: https://t.co/S6lIQQHwko $AAL
2017-01-29 10:21:15,#AmericanAirlines : Soaring Valor students join WWII vets for trip of a lifetime . Read more: https://t.co/WyXEmFEKnq $AAL
2017-01-29 10:16:53,#AmericanAirlines Makes 2016 Net Profit Of USD$2.7 Bln. Read more: https://t.co/FiR5GCr21B $AAL
2017-01-29 10:15:38,The big in-flight entertainment switch-off: #AmericanAirlines ditches seat-back screens - so... Read more: https://t.co/qWUtdcGTAp $AAL
2017-01-29 05:27:31,MUST READ: Top trading &amp; investing resources. Link: https://t.co/Gv8sRzI3Av $FB $AAL $TD $ACN $NOC $KNDI $CERN $AGEN $ORIG $KING
2017-01-29 04:21:11,https://t.co/G9pMgSr1JY &lt; Review of this fantastic traders teaching service. Try it 4 FREE while you try it out $UGAZ SNY $UVXY $AAL
2017-01-29 02:27:26,Will be interesting to see if there is a reaction for airline stocks this coming week. $UAL $AAL $DAL
2017-01-29 02:08:02,Recommendation #HOLD for $AAL with UB rating - 2.55 out of 5. https://t.co/eh1N6hP67o
2017-01-29 02:06:50,RT @cnntech: .@AmericanAir is eliminating in-seat screens on new jets https://t.co/103RLDftJZ $AAL https://t.co/I41NTJEfq8
2017-01-29 01:59:09,#Options #maxpain chart for $AAL. Free stock station app https://t.co/VCJp7MA06J #iTunes https://t.co/DQ9mtJu6tE
2017-01-29 00:57:02,"Btw, Estimated #Earnings Per Share for $AAL is $0.66 it's 1.41% of the current price https://t.co/BETU4MW265"
2017-01-29 00:12:33,.AmericanAir is eliminating in-seat screens on new jets https://t.co/0oPXqLJksW $AAL https://t.co/gEzaj1tojt
2017-01-29 00:04:23,RT @cnntech: .@AmericanAir is eliminating in-seat screens on new jets https://t.co/103RLDftJZ $AAL https://t.co/I41NTJEfq8
2017-01-29 00:04:01,.@AmericanAir is eliminating in-seat screens on new jets https://t.co/103RLDftJZ $AAL https://t.co/I41NTJEfq8
