2017-07-16 22:21:27,RT @politicalHEDGE: Curated on 05/06/2017 @ https://t.co/tE9XqLQggl | Come Fly the Unfriendly Skies $UAL $AAL https://t.co/vHwyK63Wuq
2017-07-16 22:19:16,Curated on 05/06/2017 @ https://t.co/tE9XqLQggl | Come Fly the Unfriendly Skies $UAL $AAL https://t.co/vHwyK63Wuq
2017-07-16 22:12:16,Trade likely this week on $AAL https://t.co/TtDI7BPqUA
2017-07-16 21:37:16,DallasBizNews: Grannygate: Qatar Airways CEO apologizes for ridiculing age of American flight attendants: https://t.co/Mxg5Afdco7 $AAL
2017-07-16 21:35:01,Grannygate: Qatar Airways CEO apologizes for ridiculing age of American flight attendants: https://t.co/cQKFL13k9b $AAL
2017-07-16 20:56:13,Investors Purchase High Volume of American Airlines Group Put Options $AAL https://t.co/prdblHeFhr
2017-07-16 20:47:21,DallasBizNews: Qatar Airways presses on for more control of American Airlines: https://t.co/H0t7eEsA1k $AAL
2017-07-16 20:47:15,Investors Purchase High Volume of American Airlines Group Put Options $AAL https://t.co/IGLkQs7Be4
2017-07-16 20:47:01,Qatar Airways presses on for more control of American Airlines: https://t.co/0ufl2L3i1U $AAL
2017-07-16 17:56:11,DallasBizNews: American Airlines' rosy outlook lifts sector: https://t.co/kljDx0uDTQ (subscriber content) $AAL
2017-07-16 17:56:01,American Airlines' rosy outlook lifts sector: https://t.co/gpO8vXVZaF (subscriber content) $AAL
2017-07-16 04:41:08,"American Airlines Group, Inc. $AAL Receives Equal Weight Rating from Morgan Stanley https://t.co/69XrdXG9ZY"
2017-07-16 01:53:20,"Financial Counselors Inc. Maintains Stake in American Airlines Group, Inc. $AAL https://t.co/QqccCF60sx"
2017-07-16 01:52:12,"Financial Counselors Inc. Maintains Stake in American Airlines Group, Inc. $AAL https://t.co/SDvr8d8t7q"
