2017-08-27 22:57:06,Fous4x2 #daytrading DVD review: https://t.co/7ra3wWbV87 $AAPL $FXCM $HIMX $ASPS $AAL
2017-08-27 21:55:27,Prefer $AAL over $UAL if you must take an airline long. https://t.co/hd7gDmHf9e
2017-08-27 21:51:31,reversal candle Friday. On watch into next week. $AAL https://t.co/LP5Y7JrSKV
2017-08-27 19:01:19,The NASDAQ's Most Shorted By Monetary Volume  https://t.co/H3u4axSMMB  $BBRY $WIN $AAL $ZIOP $CZR $GRPN $IMMU
2017-08-27 18:56:19,The NASDAQ's Most Shorted By Monetary Volume  https://t.co/SBH55Om5k9  $BBRY $WIN $AAL $ZIOP $CZR $GRPN $IMMU
2017-08-27 16:35:13,Contrarian Capital Management Lowered American Airls Group $AAL Position as Share Value Declined ...
2017-08-27 15:52:11,https://t.co/3uzhZZVuF3 Binary options �C high risk high reward! $VRX $GE $COST $AAL
2017-08-27 14:33:09,American Airlines Group $AAL Holder Hellman Jordan Management Company Has Decreased Holding as Market Value...
2017-08-27 14:10:24,RT @Crowd_indicator: #Adaptive to the market $AAL https://t.co/rJso7ep4RZ
2017-08-27 13:34:50,RT @HowieRegay: Analysts Predict Continuing Iron Ore Price Declines https://t.co/XgFwzh9lKs #iron $AAL $VALE https://t.co/HbVFxHiKCP
2017-08-27 13:31:05,RT @HowieRegay: Analysts Predict Continuing Iron Ore Price Declines https://t.co/XgFwzh9lKs #iron $AAL $VALE https://t.co/HbVFxHiKCP
2017-08-27 13:31:04,RT @HowieRegay: Analysts Predict Continuing Iron Ore Price Declines https://t.co/XgFwzh9lKs #iron $AAL $VALE https://t.co/HbVFxHiKCP
2017-08-27 13:30:17,Analysts Predict Continuing Iron Ore Price Declines https://t.co/XgFwzh9lKs #iron $AAL $VALE https://t.co/HbVFxHiKCP
2017-08-27 12:28:37,"Great Lakes Advisors LLC Increases Position in American Airlines Group, Inc. $AAL https://t.co/qXBsNyRJvi"
2017-08-27 12:27:23,"Great Lakes Advisors LLC Increases Position in American Airlines Group, Inc. $AAL https://t.co/iiFXhtIgnm"
2017-08-27 12:23:10,"Great Lakes Advisors LLC Increases Position in American Airlines Group, Inc. $AAL https://t.co/4ZtJGL3BJb"
2017-08-27 09:36:02,"Wellington Shields &amp; Company Has Trimmed Position in American Airlines Group $AAL by $874,000 ..."
2017-08-27 09:14:55,RT @hedgeofhedgies: Analysts Predict Continuing Iron Ore Price Declines https://t.co/hFFnaxtq25 #iron $AAL $VALE https://t.co/rFSzYrh8vH
2017-08-27 08:05:12,RT @Crowd_indicator: #Adaptive to the market $AAL https://t.co/rJso7ep4RZ
2017-08-27 03:46:59,$AAL high OI range is 45.00 to 50.00 for option expiration 09/01/2017 #maxpain #options https://t.co/EZICM2uqEU https://t.co/FakFVdWme2
