2017-01-14 22:00:50,United Continental $UAL Upside Analysis vs  $AAL $DAL $LUV $ALK https://t.co/kt9PebcbAd #ValueInvesting https://t.co/6hsesfehTm
2017-01-14 20:15:56,$AAL:AU U.S.-China Race to Zero Emissions Challenge guidelines released #APAC COAL LTD  https://t.co/WQAb6Vwghh #ASX2000
2017-01-14 19:03:39,$AMR / $AAL comes to mind as a an egregious situation where one of the goals was to re-strike mgmt. closer to in the money on options
2017-01-14 16:36:27,Are #AmericanAirlines uniforms safe? The manufacturer steps into the fray. Read more: https://t.co/SydhEFmO4D $AAL
2017-01-14 16:28:18,"Henderson Group PLC Continues to Hold Position in American Airlines Group, Inc. $AAL https://t.co/RzbNaijl5F"
2017-01-14 16:19:35,"Henderson Group PLC Continues to Hold Position in American Airlines Group, Inc. $AAL https://t.co/7wHOGGKi32"
2017-01-14 16:19:30,Eyes in $AAL probably good to with some bearish V Spread
2017-01-14 15:39:32,"DallasBizNews: American Airlines, Southwest veer from collusion course with DOJ: https://t.co/YbgMfYk3HS $AAL $LUV"
2017-01-14 15:37:59,"American Airlines, Southwest veer from collusion course with DOJ: https://t.co/5KucFgEbfi $AAL $LUV"
2017-01-14 12:02:18,Interview with Connor Bruggeman SchoolTrader Extraordinaire!: https://t.co/DgrNThhkJM $CLF $WLT $AAL $SYNC $AMRN $ADXS
2017-01-14 11:04:55,#AmericanAirlines Major carrier expanding service at Alabama airport. Read more: https://t.co/78lR5rR8H5 $AAL
2017-01-14 05:12:40,"#AmericanAirlines' food-allergy policy discriminates, complaint says. Read more: https://t.co/4Lny1xlMxE $AAL"
2017-01-14 05:12:03,"#AmericanAirlines' food-allergy policy discriminates, complaint says. Read more: https://t.co/y3BDmjyaOd $AAL"
2017-01-14 03:25:10,#AmericanAirlines union rebukes uniform supplier Twin Hill. Read more: https://t.co/pjLlogbeL5 $AAL
2017-01-14 03:24:33,#AmericanAirlines and Cole Haan collaborate on new round of inflight amenity kits. Read more: https://t.co/ClDDU5zg31 $AAL
2017-01-14 03:22:42,#AmericanAirlines union rebukes uniform supplier Twin Hill. Read more: https://t.co/lGb2G0BQaa $AAL
2017-01-14 03:22:05,#AmericanAirlines and Cole Haan collaborate on new round of inflight amenity kits. Read more: https://t.co/gipiTrKIjR $AAL
