2017-10-15 23:36:32,Commented on https://t.co/EK3oprMBFN $AAL $AL $HA $BA $EADSF
2017-10-15 20:53:18,Commented on https://t.co/uXxUfgft9s $AAL $AL $HA $BA $EADSF
2017-10-15 19:54:01,$AAL has a great technical rating! Check out it's strong technical and fundamental points at https://t.co/s8zBAJsrzS #indie #GrowthHacking
2017-10-15 17:24:51,"As American Airls Group $AAL Valuation Declined, Rwc Asset Management Llp Raised Position by $3.90 Million ..."
2017-10-15 17:09:18,"American Airlines Group, Inc. $AAL Shares Bought by Sentry Investment Management LLC https://t.co/ZAZrmhxL5U"
2017-10-15 17:06:40,"American Airlines Group, Inc. $AAL Shares Bought by Sentry Investment Management LLC https://t.co/gpGgsrLsxs"
2017-10-15 14:33:51,"Zurich Insurance Group Ltd FI Takes Position in American Airlines Group, Inc. $AAL https://t.co/BYtqqqtxZ1"
2017-10-15 13:56:55,"RT @Cabot_Andre: Plenty of airline #stocks to choose from, but there's only to buy now https://t.co/vPusr3ioLg $LUV $AAL $DAL $JBLU $SAVE $��"
2017-10-15 06:05:00,Here how I traded a sideways market $TSLA $IBB $TLT $WDC $AAL NVDA $INTC $STUDY https://t.co/fpxLzKOxyM
2017-10-15 03:01:18,"https://t.co/GuLQB6Vm4B SuperAlerts Monthly changed my financial life for the better forever, check it out!! $V $P $AAL $SWKS $ITEK"
