2017-05-20 20:09:54,RT @wnewton6984: $aal sold to close last 5 Oct 40$ calls 3.55
2017-05-20 15:46:30,"Time to sell $AAL thats right @AmericanAir you suck @flystl over 5 hrs  waiting, can i get a damn water #customerexperience #FAIL"
2017-05-20 15:29:47,American Airlines Group Inc $AAL Position Boosted by Swiss National Bank https://t.co/ZTV2LgjeDM
2017-05-20 15:29:47,American Airlines Group Inc $AAL Position Boosted by Swiss National Bank https://t.co/i1aO2LLzij
2017-05-20 02:52:00,$AAL is in EMA33 Breakout winning 61.54% in the past. https://t.co/ErlDBeq1Ya
2017-05-20 02:39:10,https://t.co/G9pMgSr1JY &lt; Review of this fantastic traders teaching service. Try it 4 FREE while you try it out $UGAZ SNY $UVXY $AAL
2017-05-20 01:22:08,Turkish Passenger On American Airlines Flight Subdued After Trying To Breach Cockpit https://t.co/J6qyHtYmvB $AAL #AmericanAirlines
2017-05-20 00:53:28,Turkish Passenger On American Airlines Flight Subdued After Trying To Breach Cockpit https://t.co/bwbjDZi4t3 $AAL
2017-05-20 00:53:28,Military jets scramble to escort Honolulu-bound American Airlines flight after cockpit incident https://t.co/OCpjsZzbr4 $AAL
2017-05-20 00:22:47,Commented on Boeing Delivers 737 MAX https://t.co/8NMK5qixIz $AAL $LUV $WJAFF $BA
