2017-03-18 23:26:39,$NFLX p/e is 345 = $200 million in annual profit = $62b market cap. $CMCSA 21p/e = $15 billion profit = $177b market cap. $NFLX = NO PROFIT!
2017-03-18 16:51:11,RT @Benzinga: SNL's 7 Best 'Weekend Update' Skits https://t.co/DHBSFyLRoF $CMCSA
2017-03-18 16:00:07,RT @Benzinga: SNL's 7 Best 'Weekend Update' Skits https://t.co/DHBSFyLRoF $CMCSA
2017-03-18 15:34:08,Benzinga: SNL's 7 Best 'Weekend Update' Skits https://t.co/OAz5GzFTSd $CMCSA
2017-03-18 15:30:02,SNL's 7 Best 'Weekend Update' Skits https://t.co/DHBSFyLRoF $CMCSA
2017-03-18 14:01:59,RT @tekhan: Top 10 Industries &amp; Fastest Improving Industries. $WDC $X $VMW $CMCSA $MO $DLX $SPY $QQQ #Panaray https://t.co/cIdVpR58OJ
2017-03-18 13:33:48,Comcast Approachi\u2026 $CMCSA https://t.co/CLJtamtvX5
2017-03-18 13:01:29,"AT&amp;T, Telecom Industry Await Trump Antitrust Appointment https://t.co/p1wynPcDr2 $T $TWX $TMUS $S $CHTR $CMCSA https://t.co/CFWWyEzajA"
2017-03-18 12:54:14,RT @ChartMill: $CMCSA breaking out! See some analysis https://t.co/ybxlXGLnnP #Javascript #golang
2017-03-18 12:52:25,RT @ChartMill: $CMCSA breaking out! See some analysis https://t.co/ybxlXGLnnP #Javascript #golang
2017-03-18 12:52:24,RT @ChartMill: $CMCSA breaking out! See some analysis https://t.co/ybxlXGLnnP #Javascript #golang
2017-03-18 12:51:58,$CMCSA breaking out! See some analysis https://t.co/ybxlXGLnnP #Javascript #golang
2017-03-18 12:36:29,$SPY $CMCSA $QQQ options have the largest change in volume. Free options screener. https://t.co/rTp89EXyhY
2017-03-18 10:53:46,"Advisory Research Inc. Has $3,467,000 Position in Comcast Co. $CMCSA https://t.co/MbpPTbTsP4"
2017-03-18 10:38:46,Comcast Co. $CMCSA Shares Sold by Edge Asset Management Inc. https://t.co/KfcdNIkF1Z
2017-03-18 10:38:02,Monetary Management Group Inc. Raises Stake in Comcast Co. $CMCSA https://t.co/3fkFixMKdq
2017-03-18 10:37:25,Comcast Co. $CMCSA Shares Sold by Edge Asset Management Inc. https://t.co/rMpLK5eHez
2017-03-18 10:28:20,RT @brianfires: TOP 10 Reasons WHY TWITTER! $PEP $JOM $MS $DIS $TWX $VIAB $CMCSA $GCI $SNAP $FGEN $QCOM $ROKA $ONTX $TWTR $MCIG $AAPL $GE $��
2017-03-18 10:01:25,Weekly S&amp;P100 #Stocks Trend $DOW $DD $FDX $MSFT $CAT $FOXA $GD $PCLN $CMCSA $HAL $INTC $UPS $MRK $USB $EMR  @ https://t.co/cKkr8csQUU
