2017-08-30 23:56:04,$CMCSA ready for breakout? Check it out on Chartmill https://t.co/ZdgTs2JC6M  #digitalhealth #action https://t.co/qKkxg49I1c
2017-08-30 23:50:38,Traders Sell Shares of Comcast Corporation $CMCSA on Strength $CMCSA https://t.co/hPo5EUQwk6
2017-08-30 23:47:24,Traders Sell Shares of Comcast Corporation $CMCSA on Strength $CMCSA https://t.co/VMPzhhdkEL
2017-08-30 23:43:28,Traders Sell Shares of Comcast Corporation $CMCSA on Strength $CMCSA https://t.co/1n7MilbUBe
2017-08-30 23:43:24,Traders Sell Shares of Comcast Corporation $CMCSA on Strength $CMCSA https://t.co/qH6frqq826
2017-08-30 23:07:59,Want automatic email alerts for $NS $HTGC $CMCSA $TRGL $AXSM? Subscribe to MarketBeat Daily https://t.co/nSJuDsYidj
2017-08-30 22:51:00,Comcast sues Vermont PUC over franchise conditions https://t.co/ksQNOtwHbW $CMCSA
2017-08-30 22:51:00,Comcast sues Vermont PUC over franchise conditions https://t.co/oS5EM5KvKH $CMCSA
2017-08-30 22:50:59,Comcast sues Vermont PUC over franchise conditions https://t.co/h7NlzYJRiF $CMCSA
2017-08-30 22:29:34,$CMCSA:US Comcast NBCUniversal Supports Hurricane Harvey Relief Efforts #COMCAST CORP  https://t.co/SUvUsJeSzZ #NASDAQ
2017-08-30 21:50:00,$CMCSA is in EMA33 Breakout winning 64.52% in the past. https://t.co/l0ayOHNzCk
2017-08-30 21:39:18,Brokerages Anticipate Comcast Corporation $CMCSA to Post $0.49 Earnings Per Share https://t.co/rRD4ujh0Il
2017-08-30 21:36:09,Brokerages Anticipate Comcast Corporation $CMCSA to Post $0.49 Earnings Per Share https://t.co/tHDpsdAg8K
2017-08-30 21:29:20,Brokerages Anticipate Comcast Corporation $CMCSA to Post $0.49 Earnings Per Share https://t.co/kpYgkOgawK
