2017-09-23 19:49:44,"Comcast New $CMCSA Stock Value Rose While Jfs Wealth Advisors Increased Holding by $737,124 ..."
2017-09-23 17:32:33,Comcast Corporation $CMCSA Shares Sold by Burke &amp; Herbert Bank &amp; Trust Co. https://t.co/GWeZepoQJq
2017-09-23 17:30:05,$CMCSA $38.10 (+1.68%) being heavily traded.  Our #sentiment analysis tool gives you a pulse on the #market.  https://t.co/GvMdw1aUkZ
2017-09-23 17:24:48,Comcast Corporation $CMCSA Position Held by Narwhal Capital Management https://t.co/LQRdv4ofUK
2017-09-23 15:05:35,$CMCSA Learning new terms from Howard all the time... #TT https://t.co/qNSZCXonof
2017-09-23 13:21:14,Comcast $CMCSA Testing Post-2009 Up Trendline https://t.co/YeYxmyp5FX
2017-09-23 13:19:24,Rather cheap and desperate! #Comcast or some other #Cable company should enter the game. $s $tmus $cmcsa https://t.co/lHFDC08fQn
2017-09-23 13:03:52,Comcast New $CMCSA Share Price Rose While Ardevora Asset Management Llp Raised Stake by $1.76 Million ...
2017-09-23 11:14:57,"As Comcast Cl A $CMCSA Market Valuation Rose, Foothills Asset Management LTD Has Lowered Its Holding by $93..."
2017-09-23 10:01:05,Lederer &amp; Associates Investment Counsel Holding in Comcast Cl A $CMCSA Decreased as Share Price Rose ...
2017-09-23 08:36:14,Warren Averett Asset Management LLC Sells 778 Shares of Comcast Corporation $CMCSA https://t.co/uo6ymDlv2m
2017-09-23 08:31:25,Klingenstein Fields &amp; Co. LLC Has $59.23 Million Stake in Comcast Corporation $CMCSA https://t.co/8340eSzGNS
2017-09-23 08:31:20,Warren Averett Asset Management LLC Sells 778 Shares of Comcast Corporation $CMCSA https://t.co/Gf2dfTZLUG
2017-09-23 06:56:06,Comcast Corporation $CMCSA Stock Rating Reaffirmed by Morgan Stanley https://t.co/phtmFPSOqF
2017-09-23 03:21:20,"I hope that you all #fail, $cmcsa https://t.co/3rOCqK8ZaT"
2017-09-23 01:30:04,$CMCSA $38.10 (+1.68%) being heavily traded.  Our #sentiment analysis tool gives you a pulse on the #market.  https://t.co/GvMdw1aUkZ
2017-09-23 00:47:11,"RT @FullySynergized: @Find_Me_Value $CMCSA less levered than peers so deserves FCF premium. That's why I look at EBITDA. Either way, nearly��"
2017-09-23 00:45:33,RT @FullySynergized: Why is $CMCSA at 8x ebitda with peaking cap intensity and comps at 10x (theme parks and studios higher)?
2017-09-23 00:33:03,RT @caitlincz: Comcast Joins $27 Million Investment Round In Bastille https://t.co/2m6LQ57DD7 $CMCSA
