2017-05-28 17:46:48,RT @ChartMill: Ready to invest? $CMCSA is definitely worth checking out today! https://t.co/k54oTzAYua #study #TheWeekndFolloTrain
2017-05-28 16:59:49,RT @ChartMill: Ready to invest? $CMCSA is definitely worth checking out today! https://t.co/k54oTzAYua #study #TheWeekndFolloTrain
2017-05-28 16:00:05,$CMCSA $40.91 (+1.41%) being heavily traded.  Our #sentiment analysis tool gives you a pulse on the #market.  https://t.co/GvMdw1aUkZ
2017-05-28 15:31:09,RT @ChartMill: Ready to invest? $CMCSA is definitely worth checking out today! https://t.co/k54oTzAYua #study #TheWeekndFolloTrain
2017-05-28 15:23:30,"[REPOST] U.S. Market Technical Analysis May 28, 2017 $NVDA $NBR $CMCSA $MU $GM $SRC $CSCO $SWN $VALE $WLL $NE $FB  https://t.co/TyvZkBOHXm"
2017-05-28 15:19:30,RT @ChartMill: Ready to invest? $CMCSA is definitely worth checking out today! https://t.co/k54oTzAYua #study #TheWeekndFolloTrain
2017-05-28 15:14:21,RT @ChartMill: Ready to invest? $CMCSA is definitely worth checking out today! https://t.co/k54oTzAYua #study #TheWeekndFolloTrain
2017-05-28 15:12:50,RT @ChartMill: Ready to invest? $CMCSA is definitely worth checking out today! https://t.co/k54oTzAYua #study #TheWeekndFolloTrain
2017-05-28 15:06:15,Ready to invest? $CMCSA is definitely worth checking out today! https://t.co/k54oTzAYua #study #TheWeekndFolloTrain
