2017-02-19 23:26:05,"02/17/17 Volume Leader #83 - CMCSA 9,799,900 Comcast Corp A $CMCSA 75.32 -0.67 -0.88% High today of 76.04 day  https://t.co/FoDLZu84oK"
2017-02-19 23:14:54,https://t.co/nferIEuCit Begin your trading journey with a world class stock trader [REVIEW]!! $CMCSA $DOW $VLO $COP
2017-02-19 18:35:09,$CMCSA RSI crossed below 60 for the first time in 28 days.
2017-02-19 15:05:01,RT @SeguinSteph: $CMCSA long setup https://t.co/NBZWmObBrt https://t.co/9993ZfacLi
2017-02-19 15:02:44,$CMCSA long setup https://t.co/NBZWmObBrt https://t.co/9993ZfacLi
2017-02-19 14:07:46,https://t.co/CZvSwPFE2a @profitly leader boards showing you exactly who is making bank! All verified! $XRX $HA $NEM $CMCSA $BABA $JD
2017-02-19 10:58:37,Comcast Corporation $CMCSA Stake Boosted by Busey Trust CO https://t.co/3J5HdywM3q
2017-02-19 10:58:27,"Benson Investment Management Company Inc. Buys Shares of 4,860 Comcast Corporation $CMCSA https://t.co/XQrXiULUz0"
2017-02-19 10:57:18,"Benson Investment Management Company Inc. Buys Shares of 4,860 Comcast Corporation $CMCSA https://t.co/8L1cYvRu45"
2017-02-19 10:39:32,"3,843 Shares in Comcast Corporation $CMCSA Acquired by Massey Quick &amp; Co. LLC https://t.co/1d6SXAJKuz"
2017-02-19 10:39:30,Comcast Corporation $CMCSA Shares Sold by Psagot Investment House Ltd. https://t.co/lZvgUHzVfb
2017-02-19 10:39:30,Comcast Corporation $CMCSA Shares Sold by Psagot Investment House Ltd. https://t.co/Pwnwd5LlrV
