2017-07-25 22:38:00,$CMCSA is in EMA33 Breakout winning 61.64% in the past. https://t.co/xKcdqly1M9
2017-07-25 22:27:04,"Yet, the best solution for many investors may be to employ quant rating. Get https://t.co/SKN46VT2oV $SUP $VLY $HST $AUDC $GTY $CLUB $CMCSA"
2017-07-25 19:37:01,Top Tiger Cub's Stock Holdings  $NFLX $CMCSA $MSFT $QSR $GOOG $V $ETSY  https://t.co/lfJL973vNO #Netflix #Comcast #Microsoft #Google
2017-07-25 18:42:58,Will DISH Network Surprise Investors in 2Q17? https://t.co/R5eNQP18Ss $DISH $NFLX $CMCSA $SPY
2017-07-25 17:22:00,Analyst Says 31 Million Homes Could Cut Cord On Traditional TV https://t.co/mvsiDBUnrz $CBS $CMCSA $NFLX $DISH $AMZN
2017-07-25 16:05:35,"$CMCSA, $CMCSK CALNET Adds Comcast Business for Telecommunications and Network Needs... - https://t.co/NZf1nuXALt"
2017-07-25 15:51:02,S&amp;P100 #Stocks Trend $GD $MSFT $CAT $FDX $PCLN $INTC $UPS $FOXA $MRK $CMCSA $HAL $DOW $DD $T $EMR $USB $ALL  @ https://t.co/cKkr8csQUU
2017-07-25 14:47:24,Disney World's Top Rival Sets Its Sights on 2019 https://t.co/x1tY4AaKkK $DIS $CMCSA
2017-07-25 14:44:23,"Disney World's Top Rival Sets Its Sights on 2019 @themotleyfool #stocks $DIS, $CMCSA https://t.co/9ksJ9J8IY9"
2017-07-25 14:43:23,$FB $AMZN $CMCSA $ATT will testify in September on internet rules
2017-07-25 14:38:11,Top Tiger Cub's Stock Holdings  $NFLX $CMCSA $MSFT $QSR $GOOG $V $ETSY  https://t.co/gqqGqBPsNA
2017-07-25 14:10:30,"Covered calls - Buy $CMCSA for $39.49 and sell the $40.50 call expiring on August 11, 2017 for $0.34... https://t.co/4JmNl6RQmV"
2017-07-25 13:46:51,RT @WaltBTIG: Anyone know how long it should take to integrate @YouTube into the X1 box? $CMCSA $ARRS
2017-07-25 13:44:33,RT @WaltBTIG: Anyone know how long it should take to integrate @YouTube into the X1 box? $CMCSA $ARRS
2017-07-25 13:30:31,Anyone know how long it should take to integrate @YouTube into the X1 box? $CMCSA $ARRS
2017-07-25 12:52:37,MUST READ: New weed deal will make this stock run: https://t.co/8aQsHUm2rI $CMCSA $DOW $KMB $GWPH $IAU $XIV $EW $ERIC $XLY $MTGE
2017-07-25 12:13:25,Analyst says 31 Million homes could cut cord on traditional paid TV.  https://t.co/rnMIp9svUY $AMZN $CBS $CMCSA  via @benzinga
2017-07-25 12:02:08,"First Eagle Investment Management LLC Buys 12,625,830 Shares of Comcast Corporation $CMCSA https://t.co/z6ZujPBVhX"
2017-07-25 12:02:07,"Sei Investments Co. Acquires 1,130,102 Shares of Comcast Corporation $CMCSA https://t.co/ik97KbMuNd"
2017-07-25 11:57:31,"Parthenon LLC Has $294,000 Stake in Comcast Corporation $CMCSA https://t.co/JcPRUQWBkZ"
2017-07-25 10:01:23,Weekly S&amp;P100 #Stocks Trend $DOW $DD $FDX $MSFT $CAT $FOXA $GD $PCLN $CMCSA $HAL $INTC $UPS $MRK $USB $EMR  @ https://t.co/cKkr8csQUU
2017-07-25 02:23:17,MUST READ: New weed deal will make this stock run: https://t.co/8aQsHUm2rI $GOOG $F $CMCSA $KO $BRK.B $MO $MRK $CMG $NVDA $EBAY
