2017-06-25 21:29:03,Have cable companies become too popular?https://t.co/QVho5vRuIm $CMCSA
2017-06-25 18:45:07,WPP plc $WPPGY P/E multiple trading @ discount to peers: $OMC $IPG $CBS.A $CMCSA $DISH https://t.co/5nhccWRDo6 https://t.co/ACz9UYyKgw
2017-06-25 14:12:11,"RT SeekingAlpha ""Monthly High-Dividend Stock Yields 8%, 6 Straight Hikes, More Due In 2017 https://t.co/cSdYWh9Faz $XLU $CMCSA $CRIUF"
2017-06-25 14:08:05,"Monthly High-Dividend Stock Yields 8%, 6 Straight Hikes, More Due In 2017 https://t.co/BI0D1Rhgk0 $XLU $CMCSA $CRIUF"
2017-06-25 14:08:05,"Monthly High-Dividend Stock Yields 8%, 6 Straight Hikes, More Due In 2017 https://t.co/0PN85zYdgn $XLU $CMCSA $CRIUF"
2017-06-25 13:48:21,Brokerages Anticipate Comcast Corporation $CMCSA Will Post Quarterly Sales of $20.83 Billion https://t.co/gNfN90mVog
2017-06-25 13:35:36,Comcast Corporation $CMCSA to Issue Quarterly Dividend of $0.16 on  July 26th https://t.co/P57EqTiWSq
2017-06-25 13:34:09,Comcast Corporation $CMCSA to Issue Quarterly Dividend of $0.16 on  July 26th https://t.co/9FjGEujfTN
2017-06-25 13:10:00,"$CMCSA - SELL Signal at 39.93 on Jun 23, 17 By https://t.co/6PpjiKmc9G Trading Robot #Stockstowatch #Stockmarket #trading #trade #investing"
2017-06-25 12:36:21,Comcast Corporation $CMCSA Position Increased by Alpha Omega Wealth Management LLC https://t.co/Fr7F2svJKU
2017-06-25 12:36:18,Comcast Corporation $CMCSA Position Increased by Alpha Omega Wealth Management LLC https://t.co/xFvJctr0an
2017-06-25 11:44:31,Comcast Corporation $CMCSA Shares Bought by Bowling Portfolio Management LLC https://t.co/JN29QiRMoE
2017-06-25 11:30:54,Comcast Corporation $CMCSA to Issue Quarterly Dividend of $0.16 on  July 26th https://t.co/0XcbuQnGH1
2017-06-25 11:28:25,Comcast Corporation $CMCSA to Issue Quarterly Dividend of $0.16 on  July 26th https://t.co/lMTCfBAapj
2017-06-25 11:28:24,Comcast Corporation $CMCSA to Issue Quarterly Dividend of $0.16 on  July 26th https://t.co/j3OBjyHG2r
2017-06-25 08:54:43,Comcast Corporation $CMCSA Position Increased by Alpha Omega Wealth Management LLC https://t.co/x8kVkYd9Jk
2017-06-25 08:54:42,Comcast Corporation $CMCSA Shares Bought by Bowling Portfolio Management LLC https://t.co/w2oA0oOvZw
2017-06-25 08:45:47,"Sterling Investment Management Inc. Purchases 39,631 Shares of Comcast Corporation $CMCSA https://t.co/ux9USPbu4w"
2017-06-25 08:38:24,"Sterling Investment Management Inc. Purchases 39,631 Shares of Comcast Corporation $CMCSA https://t.co/AWiRVxPMEU"
2017-06-25 08:38:20,"Sterling Investment Management Inc. Purchases 39,631 Shares of Comcast Corporation $CMCSA https://t.co/aQFbn9Okmj"
2017-06-25 01:17:57,"arent the other losers also $GOOG &amp; $FB? if $VZ &amp; $CMCSA can also use ur internet usage to target ads your way, cre�� https://t.co/F5CmYAnzOx"
2017-06-25 00:32:28,#NBCSports jumps on #eSports bandwagon too - https://t.co/7FnxpAK0wL $AMZN #Twitch $CMCSA #NBC https://t.co/vNSGF8qqhe
2017-06-25 00:10:20,"$CMCSA - SELL Signal at 39.93 on Jun 23, 17 By https://t.co/6PpjiKmc9G Trading Robot #Stockstowatch #Stockmarket #trading #trade #investing"
