2017-09-26 23:23:30,"Evening Most Tweeted Big Caps, check out Gambiste Top 10: $VZ $CVX $GSK $CMCSA $MA $PG $UNH $HD $BUD $V https://t.co/rjChnIPwOe"
2017-09-26 22:44:07,Comcast appealing patent win damages from Sprint https://t.co/X0ZBnUEaL1 $CMCSA $S
2017-09-26 22:44:07,Comcast appealing patent win damages from Sprint https://t.co/GAyjOiYYlV $CMCSA $S
2017-09-26 22:44:07,Comcast appealing patent win damages from Sprint https://t.co/8oNxD1Vtp5 $CMCSA $S
2017-09-26 20:07:34,ABC newscast ends year at No. 1 for first time in 21 years https://t.co/iLuxZzkpy1 $CMCSA $DIS $CBS
2017-09-26 19:45:29,ABC newscast ends year at No. 1 for first time in 21 years https://t.co/Q4lthr6uDy $CMCSA $DIS $CBS
2017-09-26 19:45:29,ABC newscast ends year at No. 1 for first time in 21 years https://t.co/gzbkX9FeSY $CMCSA $DIS $CBS
2017-09-26 17:54:24,"As Comcast New $CMCSA Market Value Rose, Shareholder Liberty Mutual Group Asset Management Boosted Position ..."
2017-09-26 17:33:48,"Trust Co. of Toledo NA OH Buys 1,280 Shares of Comcast Corporation $CMCSA https://t.co/2N5ejO5OVn"
2017-09-26 17:33:47,Comcast Corporation $CMCSA Holdings Lifted by Creative Planning https://t.co/UYkC4yIlFS
2017-09-26 17:30:34,Hollencrest Securities LLC Buys 749 Shares of Comcast Corporation $CMCSA https://t.co/QFWcf5hIWL
2017-09-26 17:30:34,Exxonmobil Investment Management Inc. TX Reduces Holdings in Comcast Corporation $CMCSA https://t.co/5hHA60BUps
2017-09-26 17:29:55,"Fisher Asset Management LLC Sells 11,836,945 Shares of Comcast Corporation $CMCSA https://t.co/nwSjW1K1L3"
2017-09-26 17:29:43,"$CMCSA - Fisher Asset Management LLC Sells 11,836,945 Shares of Comcast Corporation #CMCSA https://t.co/Am3tas4wnC"
2017-09-26 16:26:06,RT @ARCAINVEST: https://t.co/RwWc187Jga $SPY $QQQ $AAPL $BA $BABA $BUD $CMCSA $DIS $DWDP $EPC $F $FB $HAS $JAKK $JPM $MAT $MSFT $NFLX $NKE
2017-09-26 15:51:02,S&amp;P100 #Stocks Trend $GD $MSFT $CAT $FDX $PCLN $INTC $UPS $FOXA $MRK $CMCSA $HAL $DOW $DD $T $EMR $USB $ALL  @ https://t.co/cKkr8csQUU
2017-09-26 14:57:56,"10:45 ET Volume Leader #32 - CMCSA 4,424,194 Comcast Corp A $CMCSA 37.95 +0.04 +0.11% High today of 38.08 day  https://t.co/czL1cJx3v4"
2017-09-26 14:17:45,https://t.co/RwWc187Jga $SPY $QQQ $AAPL $BA $BABA $BUD $CMCSA $DIS $DWDP $EPC $F $FB $HAS $JAKK $JPM $MAT $MSFT $NFLX $NKE
2017-09-26 13:38:25,09:38 New 52wk Lows: $CERS $CMCM $CMCSA $CRZO $DDR $DF $DISCA $DISCK $EAT
2017-09-26 13:38:12,https://t.co/OCysaFE7OF $SPY $QQQ $AAPL $BA $BABA $BUD $CMCSA $DIS $DWDP $EPC $F $FB $HAS $JAKK $JPM $MAT $MSFT $NFLX $NKE
2017-09-26 13:33:59,https://t.co/T1ycCpmYvA $SPY $QQQ $AAPL $BA $BABA $BUD $CMCSA $DIS $DWDP $EPC $F $FB $HAS $JAKK $JPM $MAT $MSFT $NFLX $NKE
2017-09-26 13:13:45,https://t.co/niTTYvtKcJ $SPY $QQQ $AAPL $BA $BABA $BUD $CMCSA $DIS $DWDP $EPC $F $FB $HAS $JAKK $JPM $MAT $MSFT $NFLX $NKE
2017-09-26 13:00:04,https://t.co/dz69cY4FfJ $SPY $QQQ $AAPL $BA $BABA $BUD $CMCSA $DIS $DWDP $EPC $F $FB $HAS $JAKK $JPM $MAT $MSFT $NFLX $NKE
2017-09-26 13:00:02,"Premarket most active stocks: $AXON, $ERIC, $SBRA, $CMCSA, $CTSH, $ILG, $QQQ, $NVDA, $AAPL, $KITE"
2017-09-26 13:00:01,"$DCTH, $HAS, $OTTV, $FOXA, $ALL, $CMCSA NinjaNotes ready to copy/paste on https://t.co/3UE1yNhRgm https://t.co/2r4Y4uYrF6"
2017-09-26 12:58:52,$CMCSA I'm looking to take a bit off the table at 38.24
2017-09-26 12:56:52,MUST READ: Insider buys shares. Another takeover try? https://t.co/fa7c1ffG8A $CMCSA $DOW $KMB $GWPH $IAU $XIV $EW $ERIC $XLY $MTGE
2017-09-26 12:50:33,"$CMCSA 1,2 Mil share trade pre market at 37.91  I like the looks of that!"
2017-09-26 11:35:01,RT @SEEKINGALPHA_FS: https://t.co/q7evXpNT70 $SPY $QQQ $AAPL $BA $BABA $BUD $CMCSA $DIS $DWDP $EPC $F $FB $HAS $JAKK $JPM $MAT $MSFT $NFLX��
2017-09-26 11:06:45,https://t.co/rJ08D94KZ9 $SPY $QQQ $AAPL $BA $BABA $BUD $CMCSA $DIS $DWDP $EPC $F $FB $HAS $JAKK $JPM $MAT $MSFT $NFLX $NKE
2017-09-26 11:05:56,Head to Head Comparison: Comcast Corporation $CMCSA and Its Peers https://t.co/tVqZoFOuYY
2017-09-26 11:03:47,https://t.co/q7evXpNT70 $SPY $QQQ $AAPL $BA $BABA $BUD $CMCSA $DIS $DWDP $EPC $F $FB $HAS $JAKK $JPM $MAT $MSFT $NFLX $NKE
2017-09-26 11:03:47,https://t.co/YS7pEWdgbA $SPY $QQQ $AAPL $BA $BABA $BUD $CMCSA $DIS $DWDP $EPC $F $FB $HAS $JAKK $JPM $MAT $MSFT $NFLX $NKE
2017-09-26 10:34:10,Head to Head Comparison: Comcast Corporation $CMCSA and Its Peers https://t.co/tVLB9Fkecl
2017-09-26 10:32:23,Head to Head Comparison: Comcast Corporation $CMCSA and Its Peers https://t.co/Z9K6I1Be8u
2017-09-26 10:26:28,Head to Head Comparison: Comcast Corporation $CMCSA and Its Peers https://t.co/4LzyBqDSBI
2017-09-26 10:26:17,Head to Head Comparison: Comcast Corporation $CMCSA and Its Peers https://t.co/lw9PMoYJQR
2017-09-26 10:25:43,Head to Head Comparison: Comcast Corporation $CMCSA and Its Peers https://t.co/KJ66X54Wr6
2017-09-26 10:25:17,Head to Head Comparison: Comcast Corporation $CMCSA and Its Peers https://t.co/4MB7bNDqT5
2017-09-26 10:01:26,Weekly S&amp;P100 #Stocks Trend $DOW $DD $FDX $MSFT $CAT $FOXA $GD $PCLN $CMCSA $HAL $INTC $UPS $MRK $USB $EMR  @ https://t.co/cKkr8csQUU
2017-09-26 09:45:25,Canyon Capital Advisors LLC Has $99.92 Million Position in Comcast Corporation $CMCSA https://t.co/Khhbp5RiBX
2017-09-26 08:41:33,Palouse Capital Management Inc. Has $2.17 Million Stake in Comcast Corporation $CMCSA https://t.co/dm9UFieKh9
2017-09-26 08:41:27,Comcast Corporation $CMCSA Holdings Lifted by CIBC Asset Management Inc https://t.co/NuX00TJ4J2
2017-09-26 07:38:33,Q3 2017 Earnings Estimate for Comcast Corporation Issued By Oppenheimer Holdings $CMCSA https://t.co/KES978f1e4
2017-09-26 03:55:27,Comcast Corporation $CMCSA &amp; Gray Television $GTN Critical Contrast https://t.co/Ebxp0CAbKs
