2017-05-24 22:56:32,Short tech analysis of $CMG $SPY $COP $NQ $WFM $INTC $AMGN $PCLN $CMCSA  plus stats on our 25/25 Free alerts https://t.co/dG21g82d1W
2017-05-24 22:53:23,$CMCSA Good last few days! Careful here tech analysis looks bearish https://t.co/dG21g82d1W
2017-05-24 22:08:15,Writers ratify three-year deal with studios https://t.co/Vg1qqvZmSy $CBS $DIS $CMCSA $FOX #sitifatimah #malaysia #financialplanning
2017-05-24 22:05:51,Writers ratify three-year deal with studios https://t.co/9vkNV2BUvn $CBS $DIS $CMCSA $FOX
2017-05-24 21:02:44,"2 Reasons Disney World's New Pandora Will Raise the Bar @themotleyfool #stocks $DIS, $CMCSA https://t.co/uJg4eQiSG1"
2017-05-24 20:25:06,78% of Americans have either 0 or 1 choice when it comes to high speed internet providers... $VZ $TMUS $CMCSA�� https://t.co/Sb559xiHLl
2017-05-24 19:42:25,2 Reasons Disney World's New Pandora Will Raise the Bar https://t.co/Fsr9Wuijft $DIS $CMCSA
2017-05-24 19:38:15,Somewhat Favorable News Coverage Very Likely to Impact Comcast $CMCSA Share Price https://t.co/QAukrl0aGU
2017-05-24 19:38:15,Somewhat Favorable News Coverage Very Likely to Impact Comcast $CMCSA Share Price https://t.co/lWTzoSUBlA
2017-05-24 19:35:51,Somewhat Favorable News Coverage Very Likely to Impact Comcast $CMCSA Share Price https://t.co/7Lr8PoA1vD
2017-05-24 19:31:59,"2 Reasons Disney World's New Pandora Will Raise the Bar @themotleyfool #stocks $DIS, $CMCSA https://t.co/QTD27Cw4G7"
2017-05-24 17:33:30,"RT @androsForm: $CMCSA Multiple call sweepers, bout to rip"
2017-05-24 17:33:25,"RT @androsForm: $CMCSA Multiple call sweepers, bout to rip"
2017-05-24 17:33:24,"RT @androsForm: $CMCSA Multiple call sweepers, bout to rip"
2017-05-24 17:33:23,"RT @androsForm: $CMCSA Multiple call sweepers, bout to rip"
2017-05-24 17:33:22,"RT @androsForm: $CMCSA Multiple call sweepers, bout to rip"
2017-05-24 17:33:16,"RT @androsForm: $CMCSA Multiple call sweepers, bout to rip"
2017-05-24 17:33:16,"RT @androsForm: $CMCSA Multiple call sweepers, bout to rip"
2017-05-24 17:33:16,"RT @androsForm: $CMCSA Multiple call sweepers, bout to rip"
2017-05-24 17:33:16,"RT @androsForm: $CMCSA Multiple call sweepers, bout to rip"
2017-05-24 17:33:14,"RT @androsForm: $CMCSA Multiple call sweepers, bout to rip"
2017-05-24 17:33:10,"RT @androsForm: $CMCSA Multiple call sweepers, bout to rip"
2017-05-24 17:33:06,"RT @androsForm: $CMCSA Multiple call sweepers, bout to rip"
2017-05-24 17:33:03,"RT @androsForm: $CMCSA Multiple call sweepers, bout to rip"
2017-05-24 17:33:03,"RT @androsForm: $CMCSA Multiple call sweepers, bout to rip"
2017-05-24 17:33:01,"RT @androsForm: $CMCSA Multiple call sweepers, bout to rip"
2017-05-24 17:33:00,"RT @androsForm: $CMCSA Multiple call sweepers, bout to rip"
2017-05-24 17:32:58,"RT @androsForm: $CMCSA Multiple call sweepers, bout to rip"
2017-05-24 17:32:55,"RT @androsForm: $CMCSA Multiple call sweepers, bout to rip"
2017-05-24 17:32:54,"RT @androsForm: $CMCSA Multiple call sweepers, bout to rip"
2017-05-24 17:32:53,"RT @androsForm: $CMCSA Multiple call sweepers, bout to rip"
2017-05-24 17:32:51,"RT @androsForm: $CMCSA Multiple call sweepers, bout to rip"
2017-05-24 17:32:49,"RT @androsForm: $CMCSA Multiple call sweepers, bout to rip"
2017-05-24 17:32:49,"RT @androsForm: $CMCSA Multiple call sweepers, bout to rip"
2017-05-24 17:32:49,"RT @androsForm: $CMCSA Multiple call sweepers, bout to rip"
2017-05-24 17:32:47,"RT @androsForm: $CMCSA Multiple call sweepers, bout to rip"
2017-05-24 17:32:45,"RT @androsForm: $CMCSA Multiple call sweepers, bout to rip"
2017-05-24 17:32:45,"RT @androsForm: $CMCSA Multiple call sweepers, bout to rip"
2017-05-24 17:32:42,"RT @androsForm: $CMCSA Multiple call sweepers, bout to rip"
2017-05-24 17:32:40,"RT @androsForm: $CMCSA Multiple call sweepers, bout to rip"
2017-05-24 17:32:33,"RT @androsForm: $CMCSA Multiple call sweepers, bout to rip"
2017-05-24 17:32:30,"RT @androsForm: $CMCSA Multiple call sweepers, bout to rip"
2017-05-24 17:32:27,"RT @androsForm: $CMCSA Multiple call sweepers, bout to rip"
2017-05-24 17:32:27,"RT @androsForm: $CMCSA Multiple call sweepers, bout to rip"
2017-05-24 17:32:25,"RT @androsForm: $CMCSA Multiple call sweepers, bout to rip"
2017-05-24 17:32:20,"RT @androsForm: $CMCSA Multiple call sweepers, bout to rip"
2017-05-24 17:32:18,"RT @androsForm: $CMCSA Multiple call sweepers, bout to rip"
2017-05-24 17:32:13,"RT @androsForm: $CMCSA Multiple call sweepers, bout to rip"
2017-05-24 17:32:10,"RT @androsForm: $CMCSA Multiple call sweepers, bout to rip"
2017-05-24 17:32:09,"RT @androsForm: $CMCSA Multiple call sweepers, bout to rip"
2017-05-24 17:32:09,"RT @androsForm: $CMCSA Multiple call sweepers, bout to rip"
2017-05-24 17:32:08,"RT @androsForm: $CMCSA Multiple call sweepers, bout to rip"
2017-05-24 17:32:02,"RT @androsForm: $CMCSA Multiple call sweepers, bout to rip"
2017-05-24 17:31:57,"RT @androsForm: $CMCSA Multiple call sweepers, bout to rip"
2017-05-24 17:31:55,"RT @androsForm: $CMCSA Multiple call sweepers, bout to rip"
2017-05-24 17:31:54,"RT @androsForm: $CMCSA Multiple call sweepers, bout to rip"
2017-05-24 17:31:23,"RT @androsForm: $CMCSA Multiple call sweepers, bout to rip"
2017-05-24 17:31:23,"RT @androsForm: $CMCSA Multiple call sweepers, bout to rip"
2017-05-24 17:31:22,"RT @androsForm: $CMCSA Multiple call sweepers, bout to rip"
2017-05-24 17:31:22,"RT @androsForm: $CMCSA Multiple call sweepers, bout to rip"
2017-05-24 17:31:21,"RT @androsForm: $CMCSA Multiple call sweepers, bout to rip"
2017-05-24 17:31:21,"RT @androsForm: $CMCSA Multiple call sweepers, bout to rip"
2017-05-24 17:31:20,"RT @androsForm: $CMCSA Multiple call sweepers, bout to rip"
2017-05-24 17:31:20,"RT @androsForm: $CMCSA Multiple call sweepers, bout to rip"
2017-05-24 17:31:18,"RT @androsForm: $CMCSA Multiple call sweepers, bout to rip"
2017-05-24 17:31:18,"RT @androsForm: $CMCSA Multiple call sweepers, bout to rip"
2017-05-24 17:31:18,"RT @androsForm: $CMCSA Multiple call sweepers, bout to rip"
2017-05-24 17:31:18,"RT @androsForm: $CMCSA Multiple call sweepers, bout to rip"
2017-05-24 17:31:17,"RT @androsForm: $CMCSA Multiple call sweepers, bout to rip"
2017-05-24 17:31:17,"RT @androsForm: $CMCSA Multiple call sweepers, bout to rip"
2017-05-24 17:31:15,"RT @androsForm: $CMCSA Multiple call sweepers, bout to rip"
2017-05-24 17:31:15,"RT @androsForm: $CMCSA Multiple call sweepers, bout to rip"
2017-05-24 17:31:14,"RT @androsForm: $CMCSA Multiple call sweepers, bout to rip"
2017-05-24 17:31:14,"RT @androsForm: $CMCSA Multiple call sweepers, bout to rip"
2017-05-24 17:31:14,"RT @androsForm: $CMCSA Multiple call sweepers, bout to rip"
2017-05-24 17:31:13,"RT @androsForm: $CMCSA Multiple call sweepers, bout to rip"
2017-05-24 17:31:13,"RT @androsForm: $CMCSA Multiple call sweepers, bout to rip"
2017-05-24 17:31:13,"RT @androsForm: $CMCSA Multiple call sweepers, bout to rip"
2017-05-24 17:31:13,"RT @androsForm: $CMCSA Multiple call sweepers, bout to rip"
2017-05-24 17:31:12,"RT @androsForm: $CMCSA Multiple call sweepers, bout to rip"
2017-05-24 17:31:12,"RT @androsForm: $CMCSA Multiple call sweepers, bout to rip"
2017-05-24 17:31:11,"RT @androsForm: $CMCSA Multiple call sweepers, bout to rip"
2017-05-24 17:31:11,"RT @androsForm: $CMCSA Multiple call sweepers, bout to rip"
2017-05-24 17:31:11,"RT @androsForm: $CMCSA Multiple call sweepers, bout to rip"
2017-05-24 17:31:10,"RT @androsForm: $CMCSA Multiple call sweepers, bout to rip"
2017-05-24 17:31:10,"RT @androsForm: $CMCSA Multiple call sweepers, bout to rip"
2017-05-24 17:31:10,"RT @androsForm: $CMCSA Multiple call sweepers, bout to rip"
2017-05-24 17:31:09,"RT @androsForm: $CMCSA Multiple call sweepers, bout to rip"
2017-05-24 17:31:09,"RT @androsForm: $CMCSA Multiple call sweepers, bout to rip"
2017-05-24 17:31:09,"RT @androsForm: $CMCSA Multiple call sweepers, bout to rip"
2017-05-24 17:31:09,"RT @androsForm: $CMCSA Multiple call sweepers, bout to rip"
2017-05-24 17:31:07,"RT @androsForm: $CMCSA Multiple call sweepers, bout to rip"
2017-05-24 17:31:07,"RT @androsForm: $CMCSA Multiple call sweepers, bout to rip"
2017-05-24 17:31:07,"RT @androsForm: $CMCSA Multiple call sweepers, bout to rip"
2017-05-24 17:31:06,"RT @androsForm: $CMCSA Multiple call sweepers, bout to rip"
2017-05-24 17:31:05,"RT @androsForm: $CMCSA Multiple call sweepers, bout to rip"
2017-05-24 17:31:05,"RT @androsForm: $CMCSA Multiple call sweepers, bout to rip"
2017-05-24 17:31:04,"RT @androsForm: $CMCSA Multiple call sweepers, bout to rip"
2017-05-24 17:31:02,"RT @androsForm: $CMCSA Multiple call sweepers, bout to rip"
2017-05-24 17:31:01,"RT @androsForm: $CMCSA Multiple call sweepers, bout to rip"
