2017-02-08 22:34:57,Ad Watchdog Once Again Asks #Comcast To Stop Boasting About Having Fastest Internet &amp; In-H... Read more: https://t.co/gOOYweVwH0 $CMCSA
2017-02-08 22:04:39,"Ad board: #Comcast can no longer claim to have ""fastest internet in America"". Read more: https://t.co/zE88YqDQn9 $CMCSA"
2017-02-08 21:22:35,#Comcast Isn't Allowed to Say It Has 'America's Fastest Internet' Anymore. Read more: https://t.co/i0cq5iLbCT $CMCSA
2017-02-08 21:18:15,#Comcast Isn't Allowed to Say It Has 'America's Fastest Internet' Anymore. Read more: https://t.co/IV8xjdsP99 $CMCSA
2017-02-08 21:07:15,Why Did Comcast Corporation Gain 25% in 2016? @themotleyfool #stocks $CMCSA https://t.co/hQAJ2XmRFq
2017-02-08 20:14:34,#Comcast Energy 2020. Read more: https://t.co/dfnciLAdXe $CMCSA
2017-02-08 20:03:16,"#Netflix: A #Peak Is Forming https://t.co/Cg4GEyAUZo $NFLX, $AMZN, $CMCSA, $DIS, $TWX, $VZ"
2017-02-08 19:59:09,RT @SeekingAlpha: Netflix: A Peak Is Forming https://t.co/I1jz5boZLY $AMZN $CMCSA $DIS $TWX $VZ $NFLX
2017-02-08 19:50:22,Netflix: A Peak Is Forming https://t.co/I1jz5boZLY $AMZN $CMCSA $DIS $TWX $VZ $NFLX
2017-02-08 19:48:35,"Not so fast-#Comcast told to stop claiming it has ""fastest Internet"". Read more: https://t.co/W74eHH0gdU $CMCSA"
2017-02-08 19:32:30,"Not so fast-#Comcast told to stop claiming it has ""fastest Internet"". Read more: https://t.co/Nev54plua9 $CMCSA"
2017-02-08 18:37:33,Verizon: Impact of the Latest Key Updates https://t.co/UTDKup1cgd $VZ $NFLX $TWX $CMCSA
2017-02-08 18:06:32,"#Comcast prepares to open Fort Collins call center, adding 600 jobs. Read more: https://t.co/hrgZUQr239 $CMCSA"
2017-02-08 17:35:09,What is Time Warner's Business Outlook in 2017? https://t.co/Ykxiu1Wynw $TWX $CMCSA
2017-02-08 16:55:40,S&amp;P100 #Stocks Trend $GD $MSFT $CAT $FDX $PCLN $INTC $UPS $FOXA $MRK $CMCSA $HAL $DOW $DD $T $EMR $USB $ALL  @ https://t.co/cKkr8csQUU
2017-02-08 16:26:17,MUST READ: How to make money investing in stocks: https://t.co/cOhGUj5n1B $CMCSA $DOW $KMB $GWPH $IAU $XIV $EW $ERIC $XLY $MTGE
2017-02-08 15:44:41,Buying opportunity in Aqua Metals. Poised to revamp lead recycling. $C $CL $CMCSA $COF $COC $COST $CSCO $CVS https://t.co/yPZkVD62PU
2017-02-08 15:22:40,"Harber Asset Management LLC Has $8,209,000 Position in Comcast Corporation $CMCSA https://t.co/CtkoN86Ye2"
2017-02-08 15:06:45,"Anchor Capital Advisors LLC Has $36,386,000 Position in Comcast Corporation $CMCSA https://t.co/u8gUTZoGPL"
2017-02-08 15:03:48,$DIS in the spotlight for ESPN rev collapse. Iger staying on longer. $CMCSA $CBS $FOXA
2017-02-08 14:22:07,Tracking Tweedy Browne Portfolio - Q4 2016 Update https://t.co/tgur37f3k0 $AGCO $ANAT $AVT $AXP $BAX $BK $BRK.A $BRK.B $CKX $CMCSA $COP
2017-02-08 14:22:07,Tracking Tweedy Browne Portfolio - Q4 2016 Update https://t.co/dGKTUh0cUJ $AGCO $ANAT $AVT $AXP $BAX $BK $BRK.A $BRK.B $CKX $CMCSA $COP
2017-02-08 12:48:24,Lomas Capital Management LLC Purchases 819 Shares of #Comcast Corporation (). Read more: https://t.co/SVU8keUZbd $CMCSA
2017-02-08 12:43:52,Lomas Capital Management LLC Purchases 819 Shares of Comcast Corporation $CMCSA https://t.co/3nydqc6oNq
2017-02-08 12:24:21,Comcast Corporation $CMCSA Position Raised by Pacific Alternative Asset Management Company LLC https://t.co/jTdmpYKLzB
2017-02-08 12:08:08,"Hartford Investment Management Co. Acquires 6,957 Shares of Comcast Corporation $CMCSA https://t.co/AG06wZWviN"
2017-02-08 11:54:14,"Harber Asset Management LLC Has $8,209,000 Position in Comcast Corporation $CMCSA https://t.co/6x2Ndbv8qw"
2017-02-08 11:51:56,"Anchor Capital Advisors LLC Has $36,386,000 Position in Comcast Corporation $CMCSA https://t.co/WSNKNe0065"
2017-02-08 11:51:30,"Harber Asset Management LLC Has $8,209,000 Position in Comcast Corporation $CMCSA https://t.co/xgAzJ3Rd5U"
2017-02-08 11:01:27,Weekly S&amp;P100 #Stocks Trend $DOW $DD $FDX $MSFT $CAT $FOXA $GD $PCLN $CMCSA $HAL $INTC $UPS $MRK $USB $EMR  @ https://t.co/cKkr8cKsju
2017-02-08 11:00:04,This Week in #Comcast: Why the cable box isn't going anywhere. Read more: https://t.co/NspiG52VDX $CMCSA
2017-02-08 08:48:21,114% Gain On Picks In 2 Weeks &amp; Our New Penny Stock Pick Is Coming Today! Get Early Access: https://t.co/u0HYPiqt7I $CMCSA $INTC $AMGN
2017-02-08 04:05:21,$CMCSA $AMGN $FFIV options have the largest change in open interest. Free options screener. https://t.co/JDQqC7jIjD
2017-02-08 03:25:50,Staying Long OHI &amp; O !!   Div Raises &amp; Cuts Jan 2017 https://t.co/OhEUYfFAuY $AOS $APD $BLK $BPOP $CDUAF $CMCSA $CNI $COP $CUZ $CVS $ED $ENB
2017-02-08 03:14:25,Brandywine Trust Co. Continues to Hold Stake in #Comcast Corporation (). Read more: https://t.co/FKJXdJemOD $CMCSA
2017-02-08 01:28:17,$ICNB.0215-Incredible-MILLIONS see NEWS VIDEO! $MU $PYPL $SIRI $FISV $SYMC $CHKP $CTXS $SWKS $CA $STX $CMCSA $SBUX  https://t.co/e7sbEg9pY9
2017-02-08 01:18:28,Comcast Corporation $CMCSA Shares Bought by Private Wealth Advisors Inc. https://t.co/pofCU4kw20
2017-02-08 01:03:23,"Carnegie Capital Asset Management LLC Has $1,001,000 Position in Comcast Corporation $CMCSA https://t.co/Vra19h4o82"
2017-02-08 01:01:43,Comcast Corporation $CMCSA Shares Bought by Private Wealth Advisors Inc. https://t.co/NN7MajXvoF
2017-02-08 01:00:00,Brandywine Trust Co. Continues to Hold Stake in Comcast Corporation $CMCSA https://t.co/0PFwMDNHo3
2017-02-08 00:46:08,#Comcast 2CPS29 : Philly Comcast employees stage walkout to oppose Trump's immigration order. Read more: https://t.co/x6cqliCjrV $CMCSA
2017-02-08 00:38:44,"Insider Selling: Comcast Corporation $CMCSA EVP Sells 39,730 Shares of Stock https://t.co/QG9FLu26xG"
