2017-08-05 20:37:53,TV��s #sports problem https://t.co/12m8kin1TN $CMCSA $CBS $FOXA $TWX $DIS @ESPN @NBAonTNT @NBC @ABC @CBS #retransmission #fees
2017-08-05 20:30:44,This VCR Hasn't Gone Out Of Style https://t.co/Ja8FsSUoJT $AMZN $AZO $BBY $CBS $CCL $CHTR $CMCSA $DG $DIS $DLPH $DLTR $EXPE $F $FOXA $GM
2017-08-05 19:23:19,State of Wisconsin Investment Board Has $196.11 Million Stake in Comcast Corporation $CMCSA https://t.co/HoGgRuP92A
2017-08-05 19:18:15,Holderness Investments Co. Increases Stake in Comcast Corporation $CMCSA https://t.co/HOK2YOUJds
2017-08-05 19:18:01,State of Wisconsin Investment Board Has $196.11 Million Stake in Comcast Corporation $CMCSA https://t.co/YTYTBj8k4u
2017-08-05 18:08:43,Grand Jean Capital Management Inc. Boosts Position in Comcast Corporation $CMCSA https://t.co/xTvSu6AD92
2017-08-05 17:03:02,$CBS $DIS $CMCSA $FOX  re previous Barron's story https://t.co/YAyLpo0D9L
2017-08-05 12:05:26,"For our country's sake, I'd like to see these pairings at the end of the day: $CMCSA &amp; $TMUS; $VZ &amp; $CHTR; $S, $DISH &amp; $CTL; $T"
2017-08-05 11:46:15,The @TheJusticeDept should never allow $CMCSA &amp; $CHTR to merge; too much broadband access &amp; backhaul concentration
2017-08-05 11:41:23,$VZ should really be suing $CHTR &amp; $CMCSA for anti-trust collusion in regards to wireless M&amp;A
2017-08-05 11:36:33,Has $VZ thought about splitting the wireless and wireline cos into two separately traded stocks? $CHTR $CMCSA
2017-08-05 11:34:46,"If T-Mobile doesn't eventually merge w/ a cable co, then it will lose the game $TMUS $CHTR $CMCSA $S $DTEGY $SFTBY"
2017-08-05 10:01:25,Weekly S&amp;P100 #Stocks Trend $DOW $DD $FDX $MSFT $CAT $FOXA $GD $PCLN $CMCSA $HAL $INTC $UPS $MRK $USB $EMR  @ https://t.co/cKkr8csQUU
2017-08-05 08:42:16,"$CMCSA technical alerts: Calm After Storm, Narrow Range Bar, and NR7  https://t.co/j74ptaAwj3"
2017-08-05 02:37:52,"Jaffetilchin Investment Partners LLC Acquires 3,985 Shares of Comcast Corporation $CMCSA https://t.co/8ypAmfiXTP"
2017-08-05 02:32:32,"Jaffetilchin Investment Partners LLC Acquires 3,985 Shares of Comcast Corporation $CMCSA https://t.co/s2rkyNLE03"
2017-08-05 01:55:15,"Initiated long positions today in $CSX &amp; $CMCSA.  Other #stocks in #portfolio = $BGCP, $BGS, $GLW , $T &amp; $TWTR.  -DW  #SwingTrader #RSI"
2017-08-05 01:25:42,Comcast Corporation $CMCSA Stake Increased by Pioneer Investment Management Inc. https://t.co/28RfrVWGbp
2017-08-05 01:22:27,Comcast Corporation $CMCSA Stake Increased by Pioneer Investment Management Inc. https://t.co/SqyhqLJqWn
2017-08-05 01:18:51,Comcast Corporation $CMCSA Stake Increased by Pioneer Investment Management Inc. https://t.co/RKrbqup2rz
2017-08-05 00:33:26,"Armor Investment Advisors LLC Has $243,000 Position in Comcast Corporation $CMCSA https://t.co/tbYIf3jea7"
2017-08-05 00:33:25,"State of Tennessee Treasury Department Buys 1,841,688 Shares of Comcast Corporation $CMCSA https://t.co/kCQfXTUNyK"
