2017-11-02 22:51:42,5 Media Stocks Getting Killed  https://t.co/f6jB8eCMe9 $TWX $CMCSA $VIAB $CBS $FOXA
2017-11-02 19:10:45,5 Media Stocks Getting Killed $CBS $VIAB $CMCSA - https://t.co/vlJz5xQVcM
2017-11-02 19:03:50,"Media stocks stumble amid rough earnings, Time Warner antitrust news https://t.co/3w9yvDo2DJ $DIS $CMCSA $CBS $FOX"
2017-11-02 18:58:11,$CMCSA Option Order Flow Sentiment is 78.8% Bullish. https://t.co/ROpXxzdd1N
2017-11-02 18:13:24,"Media stocks stumble amid rough earnings, Time Wa... $DIS $CMCSA $CBS $FOX $FOXA $T $TWX $DISCA $AMCX $DISCB https://t.co/gsDSJ6nHYT"
2017-11-02 17:43:01,Wondering why $WOW hasn't been bought yet with shares beaten down since it's IPO. Cheap way to increase margins for $CMCSA $TWX $CHTR $VIAB
2017-11-02 17:40:04,"Media stocks stumble amid rough earnings, Time Warner antitrust news https://t.co/wqRKLPNEHs $DIS $CMCSA $CBS $FOX"
2017-11-02 17:40:04,"Media stocks stumble amid rough earnings, Time Warner antitrust news https://t.co/qpdV0IqXrl $DIS $CMCSA $CBS $FOX"
2017-11-02 17:40:03,"Media stocks stumble amid rough earnings, Time Warner antitrust news https://t.co/7mnN5HY0Fq $DIS $CMCSA $CBS $FOX"
2017-11-02 15:29:41,RT @WallStJesus: $CMCSA  BIG GUY ADDING TO 2019 CALLS HERE
2017-11-02 15:10:39,$CMCSA  BIG GUY ADDING TO 2019 CALLS HERE
2017-11-02 15:05:14,"$CMCSA, $CMCSK Comcast Expands Senior Leadership Team within Its California Region... - https://t.co/tKE95p79fg"
2017-11-02 14:52:43,This is bullshit; then Comcast should be forced to divest NBC; also a bit late in the game $T $TWX $CMCSA  https://t.co/citcJPZ6vf
2017-11-02 14:52:20,Comcast Corporation $CMCSA Shares Sold by Reaves W H &amp; Co. Inc. https://t.co/VNJwF3QA00
2017-11-02 14:46:46,@comcast $cmcsa not doing well.  @MSNBC &amp; @NBCNews can't dedicate their day bashing @POTUS and make $
2017-11-02 14:39:54,I thought it would be cool to hold $CMCSA...but Big Bob getting all Kevin Spacey on me carrying me over threshold like a unwonted bride
2017-11-02 14:36:29,"Feels like $CMCSA is getting $GE-d  Might be a SteveBurkeTrumpNBC ""just the tip"" thing..."
2017-11-02 14:05:47,"$CMCSA, $CMCSK Comcast to Provide Service for Taco Bell Locations Nationwide... - https://t.co/TrpRgzpLO8"
2017-11-02 10:01:08,Lederer &amp; Associates Investment Counsel Has Lowered Its Comcast Cl A $CMCSA Stake as Share Price Rose ...
2017-11-02 09:24:48,"#Netflix will have some stumbles, but it's only moving higher $NFLX $CHTR $CMCSA $AMZN $GOOGL  $AAPL $ROKU https://t.co/XTX47HmQX2"
2017-11-02 09:18:27,Fjarde AP Fonden Fourth Swedish National Pension Fund Increases Position in Comcast Corporation $CMCSA https://t.co/ClMpfQPf0a
2017-11-02 08:59:09,"USS Investment Management Ltd Purchases 10,200 Shares of Comcast Corporation $CMCSA https://t.co/lrye1K6tsC"
2017-11-02 08:58:47,Comcast Corporation $CMCSA is Robeco Institutional Asset Management B.V.��s 10th Largest Position https://t.co/bXqrQ5Acp5
2017-11-02 08:58:44,Andra AP fonden Grows Position in Comcast Corporation $CMCSA https://t.co/mZkcW0Bd9K
2017-11-02 08:58:19,Andra AP fonden Grows Position in Comcast Corporation $CMCSA https://t.co/fHsUKY9vwp
2017-11-02 08:57:46,"Boys Arnold &amp; Co. Inc. Buys 1,600 Shares of Comcast Corporation $CMCSA https://t.co/tOuiwKEt1v"
2017-11-02 08:56:23,"USS Investment Management Ltd Purchases 10,200 Shares of Comcast Corporation $CMCSA https://t.co/4NAXyeLGAF"
2017-11-02 08:55:30,Comcast Corporation $CMCSA Stake Lessened by Markston International LLC https://t.co/yj3RUcb6Ux
2017-11-02 08:54:51,"4,240 Shares in Comcast Corporation $CMCSA Purchased by Mitsubishi UFJ Securities Holdings Co. Ltd. https://t.co/YiklmrLqzH"
2017-11-02 08:54:49,Andra AP fonden Grows Position in Comcast Corporation $CMCSA https://t.co/7NOCoa6J1Z
2017-11-02 08:54:21,"USS Investment Management Ltd Purchases 10,200 Shares of Comcast Corporation $CMCSA https://t.co/QlVBc8ZSTn"
2017-11-02 08:54:20,"Boys Arnold &amp; Co. Inc. Buys 1,600 Shares of Comcast Corporation $CMCSA https://t.co/MB80rwGRFu"
2017-11-02 08:53:41,Andra AP fonden Grows Position in Comcast Corporation $CMCSA https://t.co/sI5mSyrl5b
2017-11-02 08:53:37,Comcast Corporation $CMCSA Shares Sold by Reaves W H &amp; Co. Inc. https://t.co/M4GkpEJLzo
