2017-03-11 21:34:04,#Comcast COMCAST 2CPS29 : Salisbury residents asked for opinions in community TV station . Read more: https://t.co/wAfvzH3XeL $CMCSA
2017-03-11 19:20:19,Basic net neutrality asserts that internet service providers treat all internet traffic the same way. $CMCSA $TWX $T https://t.co/qNr1CPUMQp
2017-03-11 18:13:47,https://t.co/nferIEd0TT Begin your trading journey with a world class stock trader [REVIEW]!! $CMCSA $DOW $VLO $COP
2017-03-11 16:24:35,"IoT Evolution World Week in Review: Honeywell, #Comcast, Digi International. Read more: https://t.co/nJixKXG3LA $CMCSA"
2017-03-11 15:08:36,Systematic Financial Management LP Holds Position in #Comcast Co. (). Read more: https://t.co/5kTfq2awMZ $CMCSA
2017-03-11 13:13:39,Systematic Financial Management LP Holds Position in Comcast Co. $CMCSA https://t.co/7Mvh0Tl2XW
2017-03-11 13:06:40,"RidgeWorth Capital Management LLC Has $134,926,000 Stake in Comcast Co. $CMCSA https://t.co/98nJ23yWbX"
2017-03-11 13:06:22,Pinnacle Associates Ltd. Cuts Position in Comcast Co. $CMCSA https://t.co/oVY2F4nY25
2017-03-11 11:01:27,Weekly S&amp;P100 #Stocks Trend $DOW $DD $FDX $MSFT $CAT $FOXA $GD $PCLN $CMCSA $HAL $INTC $UPS $MRK $USB $EMR  @ https://t.co/cKkr8csQUU
2017-03-11 01:41:42,"03/10/17 Volume Leader #60 - CMCSA 12,435,000 Comcast Corp A $CMCSA 37.32 -0.06 -0.16% High today of 37.61 day https://t.co/0uXg3y67Io"
