2017-02-20 20:24:26,"Probe of China traders shows how #Comcast learned DreamWorks was for sale, via lawyers. Read more: https://t.co/qAA3oqjjYg $CMCSA"
2017-02-20 19:20:49,#Comcast tries to make waiting for the cable tech less painful. Read more: https://t.co/u5NFA16vY7 $CMCSA
2017-02-20 18:38:10,"#Comcast adding 1 gig for local residents, businesses this year. Read more: https://t.co/ag2q60oIO2 $CMCSA"
2017-02-20 16:51:03,S&amp;P100 #Stocks Trend $GD $MSFT $CAT $FDX $PCLN $INTC $UPS $FOXA $MRK $CMCSA $HAL $DOW $DD $T $EMR $USB $ALL  @ https://t.co/cKkr8cKsju
2017-02-20 12:55:40,"Insider Selling: Comcast Corporation $CMCSA EVP Sells $237,071.16 in Stock https://t.co/ieVAn9Gp1y"
2017-02-20 12:39:45,"Lederer &amp; Associates Investment Counsel CA Buys Shares of 26,650 #Comcast Corporation (). Read more: https://t.co/hBOPhsBpga $CMCSA"
2017-02-20 12:39:08,#Comcast Corporation Stake Cut by First Interstate Bank. Read more: https://t.co/Rm3TabyMX1 $CMCSA
2017-02-20 12:38:31,#Comcast Keeps Edge in Netflix's ISP Speed Index. Read more: https://t.co/wxkUQhdQti $CMCSA
2017-02-20 11:09:33,"Veritas Investment Management UK Ltd Sells 4,545 Shares of Comcast Corporation $CMCSA https://t.co/JJiuam2xxC"
2017-02-20 11:09:31,Comcast Corporation $CMCSA Position Held by Wheatland Advisors Inc. https://t.co/Jy6XvQYUIB
2017-02-20 11:05:47,Comcast Corporation $CMCSA Stake Cut by First Interstate Bank https://t.co/escr3dc5AL
2017-02-20 11:01:24,Weekly S&amp;P100 #Stocks Trend $DOW $DD $FDX $MSFT $CAT $FOXA $GD $PCLN $CMCSA $HAL $INTC $UPS $MRK $USB $EMR  @ https://t.co/cKkr8csQUU
2017-02-20 10:45:38,"2,322 Shares in Comcast Corporation $CMCSA Acquired by Mascoma Wealth Management LLC https://t.co/qLpyLyIyfW"
2017-02-20 00:00:32,RT @PorschePicks: https://t.co/nferIEuCit Begin your trading journey with a world class stock trader [REVIEW]!! $CMCSA $DOW $VLO $COP
