2017-02-25 17:07:15,RT @GoldiHeel: FCC chairman acting to roll back broadband privacy rules https://t.co/7TaUaxY9N8 $T $VZ $CMCSA $CHTR
2017-02-25 15:52:25,Stocks in a 3 Weeks Tight Pattern: $STUDY $CMCSA $PNRA $EBAY $DIS $SYMC $ROST $MPC $TER $NXPI $CNK $MXIM $MAN $PCLN https://t.co/yW40V4Pmj6
2017-02-25 13:31:33,Correction time for COMCAST? $CMCSA https://t.co/yiHmfaYeS7
2017-02-25 13:05:11,https://t.co/CZvSwPFE2a @profitly leader boards showing you exactly who is making bank! All verified! $XRX $HA $NEM $CMCSA $BABA $JD
2017-02-25 12:59:39,@FCC chairman acting to roll back broadband privacy rules $T $VZ $CMCSA $CHTR $ATCEY $FTR $CTL $WIN $CCOI https://t.co/UiwiJLKm5V
2017-02-25 11:01:26,Weekly S&amp;P100 #Stocks Trend $DOW $DD $FDX $MSFT $CAT $FOXA $GD $PCLN $CMCSA $HAL $INTC $UPS $MRK $USB $EMR  @ https://t.co/cKkr8csQUU
2017-02-25 11:01:19,"Aberdeen Asset Management PLC UK Sells 1,643,361 Shares of Comcast Corporation $CMCSA https://t.co/x1Og9J5kaM"
2017-02-25 10:58:48,"Aberdeen Asset Management PLC UK Sells 1,643,361 Shares of Comcast Corporation $CMCSA https://t.co/KrwgIAMElC"
2017-02-25 10:58:40,Comcast Corporation $CMCSA Shares Bought by Bessemer Group Inc. https://t.co/AXu2rmDKAC
2017-02-25 10:42:30,"Pitcairn Co. Has $1,945,000 Stake in Comcast Corporation $CMCSA https://t.co/5F5h5ogjQr"
2017-02-25 10:39:28,Comcast Corporation $CMCSA Stake Decreased by Calamos Advisors LLC https://t.co/1win1E8PVM
2017-02-25 01:45:28,RT @PoliticalHedge: A CNBC + NBC News Survey touted fake Trump poll $CMCSA https://t.co/pj1XsQFWv4 https://t.co/W0cHmK4LxT
2017-02-25 01:28:01,A CNBC + NBC News Survey touted fake Trump poll $CMCSA https://t.co/pj1XsQFWv4 https://t.co/W0cHmK4LxT
2017-02-25 01:28:00,A CNBC + NBC News Survey touted fake Trump poll $CMCSA https://t.co/VrB7Kntoib https://t.co/XmqXYimvzh
2017-02-25 00:22:57,FCC chairman acting to roll back broadband privacy rules $T $VZ $CMCSA $CHTR $ATCEY $FTR $CTL $WIN $CCOI https://t.co/gZP3FPo1BH
