2017-09-28 22:05:58,"NBC/Telemundo and America Movil bid for Mexican soccer rights https://t.co/xvQTtubBDZ $CMCSA, $AMX"
2017-09-28 21:52:34,Sold out of this long term retirement holding last week - now thinking of shorting it - $CMCSA  https://t.co/XvhibCi2NB
2017-09-28 20:45:13,Megyn Kelly is really hearing it from the blogosphere $CMCSA https://t.co/fDh4PvQvU6
2017-09-28 20:19:33,"As Comcast New $CMCSA Share Price Rose, Loeb Partners Has Lowered by $494,000 Its Position ..."
2017-09-28 20:03:52,https://t.co/6x2pIgGa5y $CBS $CMCSA $DIS $NFLX $AMZN
2017-09-28 20:03:51,https://t.co/3rZpj2KfJR $CBS $CMCSA $DIS $NFLX $AMZN
2017-09-28 19:51:20,Reviewing Starz Acquisition $LCAPA &amp; Comcast Corporation $CMCSA https://t.co/7wR0AV6Oot
2017-09-28 19:41:57,Somewhat Positive Media Coverage Somewhat Unlikely to Impact Comcast Corporation $CMCSA Stock Price https://t.co/NuOKZ3lfh5
2017-09-28 18:59:27,#Stocks Going Ex #Dividend The First Week Of October $A $AXP $BKS $GPS $CMCSA $CSCO https://t.co/mUWZ2M4ONi
2017-09-28 18:49:24,"14:34 ET Volume Leader #37 - CMCSA 9,575,640 Comcast Corp A $CMCSA 37.84 -0.70 -1.80% High today of 38.40 day  https://t.co/gqI1DUKJeP"
2017-09-28 18:33:38,"$CMCSA losing lots of viewers, it seems. https://t.co/yFTc10RpAH"
2017-09-28 18:29:37,Senate votes to advance FCC Chairman Ajit tai��s nomination to serve new five-year term $T $TMUS $CMCSA
2017-09-28 17:51:43,NBC/Telemundo and America Movil bid for Mexican soccer rights https://t.co/xqRJFONTor $CMCSA $AMX
2017-09-28 17:51:43,NBC/Telemundo and America Movil bid for Mexican soccer rights https://t.co/RMigUi4WN3 $CMCSA $AMX
2017-09-28 17:51:42,NBC/Telemundo and America Movil bid for Mexican soccer rights https://t.co/HbKKPwKM51 $CMCSA $AMX
2017-09-28 17:34:26,Here's Why #Apple Should Buy #Disney $DIS $AAPL Also $T $VZ $CMCSA $TMUS $VOD https://t.co/HXBG4QamON
2017-09-28 17:23:43,Comcast Corporation $CMCSA Holdings Cut by Trust Co. of Oklahoma https://t.co/NP9J3JUtXb
2017-09-28 17:23:43,Franklin Street Advisors Inc. NC Sells 456 Shares of Comcast Corporation $CMCSA https://t.co/X15mAYVde0
2017-09-28 17:21:29,Gemmer Asset Management LLC Continues to Hold Stake in Comcast Corporation $CMCSA https://t.co/yMD8HNEkR5
2017-09-28 17:21:19,NEW POST: The Unsinkable Conglomerates https://t.co/5EpzegvCmt $AMZN $CMCSA $DIS $FOXA $NFLX
2017-09-28 17:20:49,Delta Capital Management LLC Reduces Holdings in Comcast Corporation $CMCSA https://t.co/IZV10gKu7e
2017-09-28 17:20:32,Comcast Corporation $CMCSA Holdings Cut by Trust Co. of Oklahoma https://t.co/W1LSGjT3so
2017-09-28 17:20:32,Franklin Street Advisors Inc. NC Sells 456 Shares of Comcast Corporation $CMCSA https://t.co/h27hkpv1G9
2017-09-28 17:06:19,"Smith Shellnut Wilson LLC ADV Has $469,000 Position in Comcast Corporation $CMCSA https://t.co/GO6qlYZwc5"
2017-09-28 16:40:28,"Disney Is Just the First of Many to Abandon Netflix @themotleyfool #stocks $DIS, $NFLX, $AMCX, $CMCSA, $FOXA https://t.co/LDDbo9ptOn"
2017-09-28 16:16:23,Contrasting Comcast Corporation $CMCSA &amp; CBS Corporation $CBS https://t.co/PKPRPrTA8P
2017-09-28 15:51:02,S&amp;P100 #Stocks Trend $GD $MSFT $CAT $FDX $PCLN $INTC $UPS $FOXA $MRK $CMCSA $HAL $DOW $DD $T $EMR $USB $ALL  @ https://t.co/cKkr8csQUU
2017-09-28 15:26:18,Comcast Corporation $CMCSA Stock Rating Reaffirmed by Robert W. Baird https://t.co/NyodU0ZSCc
2017-09-28 14:54:29,"RT @BreakoutStocks: $CLF, $CMCSA, $SYF, $AVGR hit new breakout highs  https://t.co/WHy8M8KjIc"
2017-09-28 14:51:38,"#Dividend growth stocks going ex-div next week, includes $CMCSA $ABM $CSCO $SYY $GD $JPM $AXP $SNN $MKC https://t.co/1WBIwDr7rh"
2017-09-28 14:38:45,$CMCSA  I would think with the NFL protests people would be giving up DirectTV fro cable. IMO
2017-09-28 14:09:21,$CMCSA First Target is the Pivot 38.36 https://t.co/5uExc6uCFe
2017-09-28 12:26:39,Comcast Corporation $CMCSA to Issue Quarterly Dividend of $0.16 on  October 25th https://t.co/BLmk5tiXyP
2017-09-28 12:17:23,Comcast Corporation $CMCSA to Issue Quarterly Dividend of $0.16 on  October 25th https://t.co/UWp0xEOq84
2017-09-28 12:14:07,9/28 200D MA Watch List: $TWTR $DDS $AAL $UCO $CX $TGT $CMCSA $IYR $TWLO $GNC $MDXG $LUV $ERX $TECK $LULU $XRT $TMUS $GDX $AEM $SIG #trading
2017-09-28 11:10:38,Comcast Cl A $CMCSA Stock Price Rose While Foothills Asset Management LTD Lowered Position ...
2017-09-28 10:01:27,Weekly S&amp;P100 #Stocks Trend $DOW $DD $FDX $MSFT $CAT $FOXA $GD $PCLN $CMCSA $HAL $INTC $UPS $MRK $USB $EMR  @ https://t.co/cKkr8csQUU
2017-09-28 09:40:22,Ifrah Financial Services Has Boosted Its Holding in Comcast New $CMCSA as Share Price Rose ...
2017-09-28 09:34:33,Verde Servicos Internacionais S.A. Has $16.34 Million Stake in Comcast Corporation $CMCSA https://t.co/CVDIglqMPP
2017-09-28 08:19:19,Analyzing Comcast Corporation $CMCSA and CBS Corporation $CBS https://t.co/QVrUIoDdwE
2017-09-28 08:17:43,Financial Comparison: Gray Television $GTN vs. Comcast Corporation $CMCSA https://t.co/4hBJMN5qzd
2017-09-28 08:16:42,Johnston Asset Management LLC Has $33.39 Million Position in Comcast Corporation $CMCSA https://t.co/6NBFMsoDdQ
2017-09-28 08:10:00,Grandfield &amp; Dodd LLC Continues to Hold Holdings in Comcast Corporation $CMCSA https://t.co/Z2w8VpXEtl
2017-09-28 08:08:35,Comcast Corporation $CMCSA Shares Bought by CAPROCK Group Inc. https://t.co/LlkpnvUcOY
2017-09-28 07:47:10,One from 2015 on cable / OTT by New Street $CMCSA $CHTR https://t.co/RLe1xGjMT9
2017-09-28 07:46:02,"Another from New Street ""framework for valuing cable companies"" (2015) $CHTR $CMCSA https://t.co/FjpwyU5UMR"
2017-09-28 07:44:54,Found some interesting / helpful New Street older cable reports... here is from March 2016 (81 pg PDF) $CHTR $CMCSA https://t.co/YsiFElLurp
2017-09-28 05:47:36,Comcast Corporation $CMCSA Raised to Buy at Moffett Nathanson https://t.co/4l7sKInHmA
2017-09-28 05:45:34,Comcast Corporation $CMCSA Raised to Buy at Moffett Nathanson https://t.co/Mvnteq5S9R
2017-09-28 04:52:28,"RT @TedatACA: FYI @pkafka ... @comcast is not the ""biggest pay-TV provider in the country"" $CMCSA https://t.co/3NlSlidhX7"
2017-09-28 01:44:51,"RT @BreakoutStocks: $CLF, $CMCSA, $SYF, $AVGR hit new breakout highs  https://t.co/WHy8M8KjIc"
2017-09-28 01:43:55,"BreakoutStocks: $CLF, $CMCSA, $SYF, $AVGR hit new breakout highs  https://t.co/rq04s2boP4"
2017-09-28 01:40:42,"$CLF, $CMCSA, $SYF, $AVGR hit new breakout highs  https://t.co/WHy8M8KjIc"
