2017-02-16 23:05:17,#partners at https://t.co/zIec9tsBsn hold #degrees from #elite #private #universities $pg $cvx $mrk $cmcsa $txn #FridayFeeling
2017-02-16 23:01:07,#partners at https://t.co/Yycairc0fy hold #degrees from #elite #private #universities $pg $cvx $mrk $cmcsa $txn #FridayFeeling
2017-02-16 22:55:12,#partners at https://t.co/vT9HmoiNbp hold #degrees from #elite #private #universities $pg $cvx $mrk $cmcsa $txn #FridayFeeling
2017-02-16 22:50:12,#partners at https://t.co/SOm8rjvuBZ hold #degrees from #elite #private #universities $pg $cvx $mrk $cmcsa $txn #FridayFeeling
2017-02-16 21:53:10,"Comcast Corporation $CMCSA EVP Lawrence J. Salva Sells 3,121 Shares of Stock https://t.co/kzeC3TGJDJ"
2017-02-16 21:52:40,A new daily low at $70.5045 was just reached for $CMCSA. Found with MOMO Realtime Stock Discovery &amp; Alerts.  https://t.co/1WLje7D8rC
2017-02-16 21:47:20,"Comcast Corporation $CMCSA EVP Lawrence J. Salva Sells 3,121 Shares of Stock https://t.co/3TEXRDMA2T"
2017-02-16 18:37:09,"Comcast Corporation just filed a prospectus, suggesting it plans to soon issue some securities  https://t.co/6aNBwLBXJq $CMCSA"
2017-02-16 18:30:24,Arris' McClelland says warrant deals made #Comcast and Charter 'comfortable with the level... Read more: https://t.co/MJUirfMRzf $CMCSA
2017-02-16 17:48:14,#Comcast takes stake in Steven Spielberg's movie-production company. Read more: https://t.co/WEOD4AmrpO $CMCSA
2017-02-16 17:45:49,Benzinga: The Best Time To Visit Florida's Biggest Theme Parks Is... https://t.co/koKMUVqzCn $CMCSA $DIS
2017-02-16 17:45:01,The Best Time To Visit Florida's Biggest Theme Parks Is... https://t.co/gaEMCXmKDo $CMCSA $DIS
2017-02-16 17:24:34,#Comcast Partners with The Arc of Lane County to Provide Digital Education to Adults with ... Read more: https://t.co/amaf0ptXID $CMCSA
2017-02-16 16:51:03,S&amp;P100 #Stocks Trend $GD $MSFT $CAT $FDX $PCLN $INTC $UPS $FOXA $MRK $CMCSA $HAL $DOW $DD $T $EMR $USB $ALL  @ https://t.co/cKkr8csQUU
2017-02-16 16:01:07,"$CBS rev miss on weak radio, but discontinued biz. EPS 1.11 a 1c beat, advertising, local &amp; affiliate rev beat. $VIA $FOX $FOXA $DIS $CMCSA"
2017-02-16 15:41:40,RT @WaltBTIG: Network capex continues to rise for cable operators. $COMM $CHTR $CMCSA https://t.co/u85PoN9Oxz
2017-02-16 15:34:19,Network capex continues to rise for cable operators. $COMM $CHTR $CMCSA https://t.co/u85PoN9Oxz
2017-02-16 14:54:30,"#Comcast Corporation announce promotions to Senior Vice President, Chief Accounting Office... Read more: https://t.co/OKDP9RDeal $CMCSA"
2017-02-16 14:43:39,Big Partnership with Johnson Controls. Poised to revamp lead recycling. $C $CL $CMCSA $COF $COC $COST $CSCO $CVS https://t.co/iEkpNPFrBU
2017-02-16 14:12:32,Comcast Corporation $CMCSA Position Cut by HighPoint Advisor Group LLC https://t.co/RVSXNZsH2n
2017-02-16 14:08:26,"Fayez Sarofim &amp; Co. Has $269,236,000 Stake in Comcast Corporation $CMCSA https://t.co/yFOLAY094V"
2017-02-16 14:05:00,FCC spectrum auction finally closes at $19.6B $VZ $T $TMUS $S $DISH $SBGI $EVC $CMCSA $CHTR $NXST $CBS https://t.co/X3livpWzVM
2017-02-16 13:20:01,Rating Update for Comcast Corp $CMCSA https://t.co/R5wxytXG1d
2017-02-16 13:06:12,#Comcast Corporation has promoted Daniel C. Murdock to SVP. Read more: https://t.co/c3jzGvQ6TT $CMCSA
2017-02-16 12:12:16,"$CMCSA Launch New Streaming App, $FB $AAPL Plan Music Videos https://t.co/XJQUsemrh1 $DIS  $GOOGL"
2017-02-16 11:14:38,Comcast Corporation $CMCSA Stake Reduced by Feltz Wealth PLAN Inc. https://t.co/067tq9zPzy
2017-02-16 11:14:35,Comcast Corporation $CMCSA Stake Boosted by SevenBridge Financial Group LLC https://t.co/mKHZOtGT8i
2017-02-16 11:12:07,"#Comcast Business invests USD 25 mln in Boston, Cambridge . Read more: https://t.co/NwKDAjIwCQ $CMCSA"
2017-02-16 11:01:23,Weekly S&amp;P100 #Stocks Trend $DOW $DD $FDX $MSFT $CAT $FOXA $GD $PCLN $CMCSA $HAL $INTC $UPS $MRK $USB $EMR  @ https://t.co/cKkr8csQUU
2017-02-16 10:44:53,"Fayez Sarofim &amp; Co. Has $269,236,000 Stake in Comcast Corporation $CMCSA https://t.co/JM87neUdwu"
2017-02-16 10:38:13,Comcast Corporation $CMCSA Position Cut by HighPoint Advisor Group LLC https://t.co/zi5X7ofLck
2017-02-16 09:37:18,Comcast Corporation $CMCSA Receives $79.31 Average Target Price from Brokerages https://t.co/B5PeUdtAVj
2017-02-16 09:34:09,Comcast Corporation $CMCSA Receives $79.31 Average Target Price from Brokerages https://t.co/5IPl8TUcRV
2017-02-16 09:27:48,"Insider Selling: Comcast Corporation $CMCSA EVP Sells 3,121 Shares of Stock https://t.co/Wm9ShiRNB3"
2017-02-16 06:14:40,"Comcast Corporation Stock to Split on Monday, February 20th $CMCSA https://t.co/navK0J5tzl"
2017-02-16 06:14:40,"Comcast Corporation Stock to Split on Monday, February 20th $CMCSA https://t.co/4qN5HhGDTA"
2017-02-16 06:13:22,"Comcast Corporation Stock to Split on Monday, February 20th $CMCSA https://t.co/F4maH6qRqw"
2017-02-16 06:13:21,"Comcast Corporation Stock to Split on Monday, February 20th $CMCSA https://t.co/1v0e09hOaJ"
2017-02-16 04:04:09,#Comcast's Xfinity Stream app will offer remote access to DVR recordings. Read more: https://t.co/KLKFkrbRWr $CMCSA
2017-02-16 03:50:28,$CMCSA $GOOG $GOOGL  No joke. My whole block in San Francisco switched to Sonic Internet! Competition is coming quick imo. $SPY $QQQ
2017-02-16 01:10:24,"#Comcast to launch Xfinity Stream app for offline viewing, media ratings. Read more: https://t.co/qRKvtSJTiP $CMCSA"
2017-02-16 01:02:00,$CMCSA is in Three White Soldiers winning 64.29% in the past. https://t.co/yMm5wE5k2Y
2017-02-16 00:49:59,#Comcast's Xfinity Stream app offers subscribers live TV and DVR content on the go. Read more: https://t.co/1OuDklDRFB $CMCSA
