2017-02-18 23:06:44,$SPX SPDR Consumer Discretionary sector ETF components. $CHTR $PCLN $LOW $NKE $HD $AMZN $MCD $CMCSA $XLY $DIS $TWX�� https://t.co/6ZqUqzGPib
2017-02-18 16:24:34,#Comcast Disney World Isn't Alone in Pushing Ticket Prices Higher. Read more: https://t.co/jEYe1HAOE0 $CMCSA
2017-02-18 15:39:14,#Comcast The Wall Street Journal: BuzzFeed and NBCUniversal are teaming up to develop smal... Read more: https://t.co/cmvKJ5JgNJ $CMCSA
2017-02-18 15:38:37,Nearly $30 Million Frozen for Chinese Insider Trading Scheme at #Comcast. Read more: https://t.co/C5GlKKXNnb $CMCSA
2017-02-18 15:38:00,Why Did #Comcast Corporation Stock Gain 25% in 2016?. Read more: https://t.co/BnBiQAFzvL $CMCSA
2017-02-18 15:37:23,#Comcast to launch new gigabit service in Alabama. Read more: https://t.co/inR2ehU7B8 $CMCSA
2017-02-18 15:36:46,"MEMBERS Trust Co Has $237,000 Position in #Comcast Corporation (). Read more: https://t.co/hZLyys11vX $CMCSA"
2017-02-18 15:36:09,#Comcast Corporation expected to spend $25M to boost network for businesses in Boston and ... Read more: https://t.co/urVPWW3TTt $CMCSA
2017-02-18 15:35:32,#Comcast to Participate in Morgan Stanley Investor Conference. Read more: https://t.co/qzVuzfiCuk $CMCSA
2017-02-18 15:34:55,"Multi-Gigabit Ethernet Week in Review: #Comcast, Mellanox, CenturyLink &amp; More. Read more: https://t.co/aZZZSEkb8E $CMCSA"
2017-02-18 15:34:17,600-employee #Comcast call center to open in Colorado. Read more: https://t.co/Da3Bhgtviv $CMCSA
2017-02-18 13:10:07,Russell Investments Group Ltd. Buys New Position in #Comcast Corporation (). Read more: https://t.co/H06VySNL8V $CMCSA
2017-02-18 12:34:23,#Comcast COMCAST 2CPS29 : to drop WBOY . Read more: https://t.co/ITBZqSmR2f $CMCSA
2017-02-18 12:26:41,Breakout alert! $CMCSA Watch it on https://t.co/iTWrkQebDb #Hiring #StockTwits
2017-02-18 11:57:10,Exencial Wealth Advisors LLC Sells 455 Shares of Comcast Corporation $CMCSA https://t.co/B1D7qjEyp3
2017-02-18 11:55:42,Russell Investments Group Ltd. Buys New Position in Comcast Corporation $CMCSA https://t.co/5zQ2FuKKa2
2017-02-18 11:54:20,Exencial Wealth Advisors LLC Sells 455 Shares of Comcast Corporation $CMCSA https://t.co/o819YvrIkb
2017-02-18 11:38:07,Barometer Capital Management Inc. Cuts Stake in Comcast Corporation $CMCSA https://t.co/jCZlp3s8PT
2017-02-18 11:38:07,Cornercap Investment Counsel Inc. Reduces Position in Comcast Corporation $CMCSA https://t.co/waH97XempV
2017-02-18 11:35:16,Cornercap Investment Counsel Inc. Reduces Position in Comcast Corporation $CMCSA https://t.co/1wc6pJiVNs
2017-02-18 11:35:15,Barometer Capital Management Inc. Cuts Stake in Comcast Corporation $CMCSA https://t.co/AISuimMlqd
2017-02-18 11:24:41,What's happening with $CMCSA? Might be worth checking out at https://t.co/49wM0sIKIQ #Quotes #mpgvip
2017-02-18 11:01:24,Weekly S&amp;P100 #Stocks Trend $DOW $DD $FDX $MSFT $CAT $FOXA $GD $PCLN $CMCSA $HAL $INTC $UPS $MRK $USB $EMR  @ https://t.co/cKkr8csQUU
2017-02-18 01:27:34,@chucktodd Why does $CMCSA employ @chucktodd  They must all be DNC operatives who don't deserve your patronage.
