2017-07-02 19:16:06,https://t.co/yABWVLzTNT &lt;-- CHOOSE FREEDOM FROM PUMP-AND-DUMP SCAMS! learn this strategy $FEYE $DKS $HLF $JDST $CMG $HIMX
2017-07-02 19:15:29,MUST READ: Undervalued microcap about to run: https://t.co/BasveKxfVZ $CMG $LVS $HIMX $PRU $WY $TVIA $WTW $SYF $WB $SPXU
2017-07-02 17:34:17,Chipotle's Tasty Economics $CMG https://t.co/kXfSQ8O4jW #Investing #Stocks
2017-07-02 17:27:14,"RT SeekingAlpha ""Chipotle's Tasty Economics https://t.co/fZSUMwrkTy $CMG"
2017-07-02 17:27:06,Chipotles Tasty Economics #CMG #ByronClarke #LongIdeas #UnitedStates #Restaurants $CMG https://t.co/KeG7O54rNm https://t.co/Ev4nkmBG5V
2017-07-02 17:27:04,Chipotle's Tasty Economics https://t.co/nfSAVlOM6g $CMG
2017-07-02 16:50:06,"Our REAL TIME TRADE ALERTS via PRIVATE $TWTR FEED, perfect for people who have FT jobs and trade part-time! $CMG $NFLX $GOOGL $BABA $GS $FB"
2017-07-02 13:03:58,"#Chipotle charges premium ""fast casual"" prices for ""fast food"". Why the $CMG #food ""quality"" claims are nebulous. https://t.co/YkQmXA7hFj"
2017-07-02 11:56:08,https://t.co/vXfZloRl7A  &lt; I love Pennystock egghead stock picks �C top rated review! $CMG $TWTR $V $TWOU $SGMS $MET
2017-07-02 07:36:05,https://t.co/dBqLOIpN1r &lt;-- This is the BEST millionaire trader who teaches stocktrading strategy $PLOW $BIND $LMNR $GEVA $CMG
2017-07-02 05:17:07,"Better Buy: Chipotle Mexican Grill, Inc. vs. Starbucks --  The Motley Fool #stocks $CMG https://t.co/IflxknHjdW https://t.co/VKZYEphTZm"
2017-07-02 05:17:05,"Better Buy: Chipotle Mexican Grill, Inc. vs. Starbucks @themotleyfool #stocks $CMG, $SBUX https://t.co/6nK41gS3pX"
2017-07-02 02:00:17,Don't miss our next FREE OPTION TRADE.  Sign up for our Daily Free Trades at https://t.co/uD0cDvbjC4 $NVDA $TSLA $GS $CMG $BAC $GOOGL $FB
2017-07-02 00:31:01,4 Ways to #Invest in the #Drone Industry Right Now  https://t.co/vgE9zavdQn  $AMZN $AVA $GPRO $LMT $GOOG $GOOGL $NOC $CMG $IFLY
