2017-07-01 20:43:32,4 Ways to #Invest in the #Drone Industry Right Now  https://t.co/dmxTEmKOwC  $AMZN $AVA $GPRO $LMT $GOOG $GOOGL $NOC $CMG $IFLY
2017-07-01 17:32:54,Q: why does $cmg trade at such a high p/e?
2017-07-01 12:20:53,"Chipotle Mexican Grill, Inc. $CMG Position Reduced by Liberty Mutual Group Asset Management Inc. https://t.co/A5U6VUlvJs"
2017-07-01 05:11:03,Commented on Chipotle: Focus On New Normal https://t.co/AQTXnLwWDY $CMG
2017-07-01 00:43:10,RT @Alpha_Board: A great read. #Chipotle's Decline Just Started... Here's Why $CMG #agchat #foodchat #agriculture #farming #Foodie  https:/��
