2017-01-01 23:57:04,"$NUS Recent News Updated Sunday, January 1, 2017 6:15:20 PM $CMG $MUX $XOP $LITE https://t.co/BcpQ7GbJZh"
2017-01-01 23:57:03,"$HD Stock Forum Updated Sunday, January 1, 2017 6:15:20 PM $TSLA $TWTR $FB $CMG https://t.co/Pcqgn7LnRP"
2017-01-01 21:59:08,https://t.co/Rc2WKdyqgv &lt;-- CHOOSE FREEDOM FROM PUMP-AND-DUMP SCAMS! learn this strategy $FEYE $DKS $HLF $JDST $CMG $HIMX
2017-01-01 20:35:45,Where is Bill Ackman when I need him--why is Chipotle closed? $cmg
2017-01-01 19:39:08,"$SH Financials Updated Sunday, January 1, 2017 2:15:20 PM $CMG $XME $TNA $XLP https://t.co/zfiKpiJ8wL"
2017-01-01 16:37:21,RT @YahooFinance: How Chipotle can turn things around in 2017 https://t.co/sdWiJPwiIh $CMG https://t.co/w2DUFoXFdI
2017-01-01 16:23:38,RT @YahooFinance: How Chipotle can turn things around in 2017 https://t.co/sdWiJPwiIh $CMG https://t.co/w2DUFoXFdI
2017-01-01 15:49:28,YahooFinance: How Chipotle can turn things around in 2017 https://t.co/OZSOrmvgsB $CMG https://t.co/BX23YTwo30
2017-01-01 15:49:14,RT @YahooFinance: How Chipotle can turn things around in 2017 https://t.co/sdWiJPwiIh $CMG https://t.co/w2DUFoXFdI
2017-01-01 15:49:11,RT @YahooFinance: How Chipotle can turn things around in 2017 https://t.co/sdWiJPwiIh $CMG https://t.co/w2DUFoXFdI
2017-01-01 15:48:31,YahooFinance: How Chipotle can turn things around in 2017 https://t.co/CXfNX4CDHT $CMG https://t.co/V4PrSqNp4S
2017-01-01 15:48:06,RT @YahooFinance: How Chipotle can turn things around in 2017 https://t.co/sdWiJPwiIh $CMG https://t.co/w2DUFoXFdI
2017-01-01 15:45:05,How Chipotle can turn things around in 2017 https://t.co/sdWiJPwiIh $CMG https://t.co/w2DUFoXFdI
2017-01-01 10:33:06,"$UGAZ Stock Forum Updated Sunday, January 1, 2017 05:15:19 AM $TBT $CMG $MMM $SDRL https://t.co/zsmh3FSBFm"
2017-01-01 08:57:33,"$CMG Stock Forum Updated Sunday, January 1, 2017 03:15:20 AM $XLI $AGTK $XIV $FCX https://t.co/BbUoMV5UJg"
2017-01-01 04:27:42,Trading book review: How to Make Money in Stocks https://t.co/ULSFFJ9o2J  $XONE $VJET $AKAM $DDD $CMG $HELI $ZOES $WB
2017-01-01 01:47:22,Expect to see price support and institutional money riding the Ackman-Chipotle marriage $CMG https://t.co/ZYfKx9550V
2017-01-01 01:37:25,"Regentatlantic Capital LLC Has $234,000 Position in Chipotle Mexican Grill, Inc. $CMG https://t.co/Y6SycjZGC1"
2017-01-01 01:21:33,"Regentatlantic Capital LLC Has $234,000 Position in Chipotle Mexican Grill, Inc. $CMG https://t.co/gf39ebBmSx"
2017-01-01 01:02:07,"$NAK Stock Message Board Updated Saturday, December 31, 2016 7:15:20 PM $CMG $GLD $DUST $DJP https://t.co/0mh8V5soeU"
